,item_id,article_interactions
0,-9222795471790223670,26
1,-9216926795620865886,21
2,-9194572880052200111,29
3,-9192549002213406534,56
4,-9190737901804729417,9
5,-9189659052158407108,36
6,-9184137057748005562,1
7,-9176143510534135851,33
8,-9172673334835262304,1
9,-9171475473795142532,5
10,-9166778629773133902,5
11,-9161596996229760398,15
12,-9160910454530522563,37
13,-9157338616628196758,5
14,-9153494109165200346,2
15,-9152398073968262186,1
16,-9147114693160126293,8
17,-9137036168156595470,10
18,-9128741757954228992,45
19,-9128652074338368262,19
20,-9107331682787867601,8
21,-9105040345021932755,8
22,-9103776596534246502,1
23,-9102431381393428051,28
24,-9100490342054218852,2
25,-9099155556042679205,6
26,-9095002324981651252,5
27,-9092333155845304874,6
28,-9090514312860140897,27
29,-9089854794058353436,7
30,-9086955082453789880,33
31,-9083294960368598209,27
32,-9081753261356157170,9
33,-9080873096647717414,7
34,-9076501258717815738,16
35,-9073210245497295284,28
36,-9071883412530082330,12
37,-9064100704535292718,15
38,-9056114023474725450,14
39,-9055044275358686874,14
40,-9050450867630628092,17
41,-9045753673721269477,6
42,-9041823059579281174,7
43,-9041546321432974047,3
44,-9040419159428373932,1
45,-9039021554659316935,15
46,-9033346036688923648,2
47,-9033211547111606164,36
48,-9028990334396397584,35
49,-9020955625521881630,8
50,-9019582414165805420,92
51,-9019233957195913605,85
52,-9007594455502730692,2
53,-9002191823887486987,7
54,-8996656559398843485,6
55,-8992803137960175254,97
56,-8992201526199201450,52
57,-8984665034930053829,14
58,-8980834789053459155,1
59,-8971085667828564532,6
60,-8968101771604200516,17
61,-8964534883296838326,30
62,-8962700386317589038,12
63,-8954346068661072425,108
64,-8950763842769120954,51
65,-8949113594875411859,55
66,-8948234514303933700,39
67,-8947720860550700506,12
68,-8942026248671582808,8
69,-8939172344092554931,16
70,-8937070974333045193,12
71,-8935051432668167578,1
72,-8934199835393138432,13
73,-8933526098329881084,22
74,-8913397556833789413,17
75,-8909927294729358771,22
76,-8908991577172785311,26
77,-8900307211613973542,7
78,-8900113512825364282,33
79,-8885776096632729273,14
80,-8879983698341300928,5
81,-8876785823151614444,19
82,-8864073373672512525,9
83,-8863047175241170722,16
84,-8854146354650101086,32
85,-8819557474068526071,19
86,-8815620240581422908,19
87,-8813724423497152538,79
88,-8801071115335368509,7
89,-8800029253812071912,30
90,-8797444257711529901,21
91,-8796191278504623694,12
92,-8781597910014596432,6
93,-8773118241761372618,26
94,-8771338872124599367,63
95,-8763351865833452031,5
96,-8762137947059829459,7
97,-8757701761088346244,33
98,-8742648016180281673,175
99,-8739701156093513292,6
100,-8734181034726403477,26
101,-8728075196312712282,17
102,-8723568727518869245,13
103,-8723313435347324769,11
104,-8722526817358894474,8
105,-8717945432162716060,48
106,-8706427875719844202,19
107,-8704908797766843570,4
108,-8700857105739861338,16
109,-8689798332822398451,12
110,-8689461307495241608,3
111,-8686523832043452855,1
112,-8681175158863587641,4
113,-8680242653057858999,26
114,-8677396111092711799,10
115,-8669770849634489893,27
116,-8658069499367979499,13
117,-8657415528200615063,51
118,-8651474460024926245,4
119,-8641360668993633978,6
120,-8635809464649679621,1
121,-8632408281960398473,20
122,-8627051188605351707,107
123,-8618420761918493321,60
124,-8615957592921855596,15
125,-8615008595949058842,10
126,-8606063418076691067,33
127,-8591127493017117985,12
128,-8587352636561360574,14
129,-8582642829303844420,13
130,-8578355592291788601,1
131,-8535131855706279960,4
132,-8529522981244750831,18
133,-8526359231369823784,13
134,-8520302351158933500,3
135,-8518096793350810174,156
136,-8512859527034085078,6
137,-8512461968928613053,37
138,-8511291357261863413,74
139,-8510490754427841940,11
140,-8508606815368130888,30
141,-8508598439431879680,4
142,-8502883448980287228,2
143,-8497895589300643949,28
144,-8489944755890710748,3
145,-8480712303720557641,23
146,-8467102776052559275,36
147,-8464215556093549753,2
148,-8460222552900599049,5
149,-8449536481786923901,7
150,-8445686000003509032,1
151,-8427763028519233712,10
152,-8426084422061984285,4
153,-8418620743404378592,1
154,-8412113620940365599,25
155,-8404657131309965885,51
156,-8392586470872505716,26
157,-8391512412740651574,6
158,-8388400806941996172,1
159,-8381230866408697127,118
160,-8377626164558006982,53
161,-8370744479086515302,64
162,-8369610219380465981,32
163,-8368414190009234878,6
164,-8353590933060505654,3
165,-8349788035147634450,17
166,-8343581376353287618,2
167,-8340365043226490059,33
168,-8314629309720421219,57
169,-8312968399134741370,25
170,-8311338126170554747,7
171,-8287402887944984163,40
172,-8286289711960957081,1
173,-8282357075607822317,23
174,-8279505492976427918,45
175,-8278633353687754322,10
176,-8278375716950339547,10
177,-8277924497842156608,23
178,-8259953995965151136,8
179,-8258529658421542282,36
180,-8257579276626076787,9
181,-8254222281357012124,15
182,-8248141950199177506,16
183,-8245663037926520114,10
184,-8244000618837043328,14
185,-8243488279185272615,86
186,-8239286201029609369,1
187,-8222568914848295086,22
188,-8208801367848627943,266
189,-8204817396973648779,37
190,-8202212195240926680,1
191,-8196748324041706598,2
192,-8194774279664546436,11
193,-8193923078932592165,24
194,-8190931845319543363,96
195,-8189315446782327370,30
196,-8187220755213888616,35
197,-8167536150098135304,20
198,-8159730897893673528,86
199,-8158171393641147845,20
200,-8149429101569453081,23
201,-8146108036639482450,9
202,-8145607370067359341,29
203,-8142426490949346803,37
204,-8141818108252244664,5
205,-8123488152283046553,10
206,-8123434787655959885,8
207,-8119612270825155371,4
208,-8099709040471107382,1
209,-8099145207792678586,29
210,-8085935119790093311,68
211,-8083832514395551465,1
212,-8068727428160395745,2
213,-8052188270551570124,27
214,-8047634385511625486,16
215,-8043889175123948305,80
216,-8041742992841055506,3
217,-8031358134051918098,27
218,-8030181764663752939,8
219,-8026099268928087567,6
220,-8025433077701076525,6
221,-8018192200278263695,33
222,-8018088591294066196,24
223,-8009994379436553252,2
224,-8009527121402763559,21
225,-7992053163122498177,23
226,-7990179956144740367,22
227,-7986975759046428357,55
228,-7977868424702448788,5
229,-7959318068735027467,17
230,-7953698795259311774,6
231,-7926018713416777892,2
232,-7925445844362296966,1
233,-7908990633460844158,22
234,-7905002887579197656,1
235,-7900768082301348135,3
236,-7895534832212398576,22
237,-7891960098457323262,12
238,-7891293130731329672,44
239,-7879096649194981370,23
240,-7876497512693688413,29
241,-7875485745277808506,2
242,-7862677531530632089,31
243,-7838000919054582150,32
244,-7833921387228274142,3
245,-7826213337362450520,52
246,-7820640624231356730,11
247,-7812176982819372240,43
248,-7809508238092432842,46
249,-7805090055463938263,4
250,-7796858148829878756,2
251,-7780475830807410936,4
252,-7777013191403056825,15
253,-7766518409111702133,1
254,-7762049078455894395,5
255,-7732246497578572511,1
256,-7726397374158219907,11
257,-7722236679806608274,44
258,-7714713652743527644,19
259,-7702672626132856079,8
260,-7691630854548349557,16
261,-7685837606421530296,1
262,-7684863035595645318,3
263,-7681408188643141872,89
264,-7673844339521298105,3
265,-7666273193533605701,4
266,-7660505434580831027,70
267,-7655127094029937288,4
268,-7646922141533719881,58
269,-7646489242554562522,21
270,-7639185658532886960,16
271,-7638840925036528150,5
272,-7627738093477170171,6
273,-7627277742224639768,7
274,-7623502978685822577,63
275,-7620438371471449873,20
276,-7613994611628693820,31
277,-7586203274767893481,16
278,-7585525446062170144,13
279,-7584037043735285197,28
280,-7580433478964181862,17
281,-7571123172959828025,5
282,-7570652411388243006,37
283,-7568926158048616650,5
284,-7566966163569468290,34
285,-7565625515044903967,18
286,-7564569805639737618,49
287,-7564053678326007415,6
288,-7555896091148631419,22
289,-7554863616241981368,2
290,-7553931975579248065,39
291,-7550906488404754851,27
292,-7542498020532209188,6
293,-7539647701814009718,26
294,-7539387928750597096,30
295,-7534240757267992657,2
296,-7529178973676767391,3
297,-7525512143002603676,22
298,-7518373517401484139,92
299,-7509877147979461087,3
300,-7508055250504867652,38
301,-7499831854130267106,6
302,-7492067511846042603,33
303,-7485130558326482162,16
304,-7484960773951920439,19
305,-7481609677042800346,13
306,-7474372733748503487,15
307,-7463572107837163154,14
308,-7463305179076477879,118
309,-7454907763335725103,3
310,-7452761262757182727,5
311,-7448252416950961815,4
312,-7447329442374055391,6
313,-7442296890640709658,4
314,-7423191370472335463,84
315,-7406587779348496692,9
316,-7399665664688732365,32
317,-7388035385087807288,4
318,-7387185690512762935,47
319,-7384231993217222764,6
320,-7380550029266431533,14
321,-7371144664961016145,5
322,-7367898111498277224,9
323,-7358932766266901263,1
324,-7356135999773525293,2
325,-7350631483047993309,11
326,-7349721727282676870,14
327,-7342604649736473979,46
328,-7331393944609614247,30
329,-7322744040992592407,11
330,-7315032288233856709,7
331,-7298164314968527788,9
332,-7294716554902079523,139
333,-7292285110016212249,1
334,-7277691357631151609,3
335,-7273935215244206740,12
336,-7264217791213422584,41
337,-7259527987837041658,6
338,-7255737497176527784,5
339,-7217198366041991957,34
340,-7215110246375999491,28
341,-7202774608580336956,8
342,-7195227263752331646,9
343,-7193893108516217330,6
344,-7191607771634445823,14
345,-7174595923544719736,20
346,-7169261479876586557,33
347,-7165716941095296287,4
348,-7162567255723313045,55
349,-7155846267321183721,8
350,-7152753999571084411,6
351,-7130425546996181071,15
352,-7126520323752764957,49
353,-7124339858992523617,9
354,-7120369133608664808,80
355,-7113155163062752691,131
356,-7108012586837980940,1
357,-7101541512657907485,1
358,-7082978776831463151,10
359,-7078081008943106850,13
360,-7051470020148066326,7
361,-7047448754687279385,52
362,-7043209138459666190,9
363,-7042078050206929948,6
364,-7034660627992927630,3
365,-7033990154815318757,3
366,-7009536306337650657,14
367,-7004749589391210034,7
368,-7002558676365724983,4
369,-6999747484065183134,3
370,-6999287066519531005,55
371,-6993279786012379694,25
372,-6980020268309524947,74
373,-6970201660508635241,3
374,-6968139157190736175,11
375,-6941293448141178017,8
376,-6941221957775073810,21
377,-6940923725353716164,13
378,-6940659689413147290,13
379,-6932442635231192683,9
380,-6902744509271060072,14
381,-6893108632164641498,23
382,-6884335507424704154,15
383,-6878119266243511199,19
384,-6875247493073242590,4
385,-6874540813378776198,6
386,-6872546942144599345,80
387,-6863138929434705713,12
388,-6859363289291329827,6
389,-6859269826758227273,7
390,-6858665134018491791,36
391,-6858240061363309239,9
392,-6851896696719147400,10
393,-6851425181090952724,20
394,-6843047699859121724,281
395,-6840859460575237450,66
396,-6836878558969096936,16
397,-6829454835237183038,16
398,-6820241302436968068,34
399,-6817732106250460899,1
400,-6817174660103551196,8
401,-6814865160063205794,16
402,-6810702648836067504,28
403,-6810247170272691501,13
404,-6798063491592860025,12
405,-6792965795755857419,13
406,-6783772548752091658,294
407,-6778286518036232293,32
408,-6772940823843058601,60
409,-6772450850499951060,1
410,-6765871608738223618,17
411,-6761163882540291832,15
412,-6752460077509522132,12
413,-6742146164569753679,1
414,-6739959707791598779,22
415,-6734931185433789466,9
416,-6732229745645090645,3
417,-6728844082024523434,148
418,-6727393385193911938,4
419,-6727357771678896471,55
420,-6726685468116057064,30
421,-6725796505137573953,2
422,-6713697716910928909,12
423,-6707474286910397949,44
424,-6704596170548214779,9
425,-6697357763177451167,51
426,-6661204361884000663,9
427,-6659933088254630422,10
428,-6654470039478316910,86
429,-6651333707067617642,4
430,-6644942243927487010,18
431,-6644783190271298310,22
432,-6643406494673362190,33
433,-6642751159620064055,103
434,-6641749235744758169,6
435,-6639617916149472585,3
436,-6634868367571835312,3
437,-6625273991455881177,13
438,-6623581327558800021,87
439,-6603970730135147059,101
440,-6603351162010419903,74
441,-6598777110696521045,14
442,-6592496241044177853,43
443,-6590819806697898649,56
444,-6590064508646491981,49
445,-6584408680441477889,40
446,-6579094253358169934,31
447,-6570327055377820618,6
448,-6566328419164841526,15
449,-6566175321434139682,7
450,-6564402465035266866,1
451,-6558712014192834002,26
452,-6546787050052580484,4
453,-6545872007932025533,61
454,-6542996094878850014,108
455,-6537529846890876234,3
456,-6526049170878205106,9
457,-6523871595334455509,69
458,-6518848947517153700,18
459,-6514535768080218883,5
460,-6511604233888915532,5
461,-6511498353814468913,21
462,-6510151088126868601,1
463,-6504694273023533189,21
464,-6499865726739947794,1
465,-6484638837208285334,33
466,-6479058008972757948,11
467,-6468782714472551646,1
468,-6467708104873171151,78
469,-6466212324513658217,22
470,-6463637573325658465,13
471,-6460613292182959076,9
472,-6451309518266745024,3
473,-6444494220871855741,43
474,-6400214860728938634,49
475,-6397413461412629080,3
476,-6394075099886393346,10
477,-6380034335041404646,22
478,-6369211973034956889,38
479,-6362758570633473480,5
480,-6362580505010802881,8
481,-6359164149051198083,11
482,-6348943063155744346,14
483,-6347212504547574224,51
484,-6346370309134074019,15
485,-6340141548068597572,36
486,-6324550271415246022,7
487,-6313130301986591995,5
488,-6312384811410586459,4
489,-6308850935767965758,20
490,-6289909056857931861,37
491,-6273159470243757969,43
492,-6255454949363031923,13
493,-6255158415883847921,116
494,-6249065792190816357,8
495,-6245566021053602636,52
496,-6245524727898921842,1
497,-6244754482621048226,13
498,-6238628334008320788,16
499,-6215634663594744290,3
500,-6207670654614839859,2
501,-6195775145989617417,24
502,-6192959589652486637,9
503,-6192579321116251081,15
504,-6184570078369383337,19
505,-6180514744351188891,4
506,-6174871522512566947,23
507,-6171950598721418038,1
508,-6157984812065160219,26
509,-6156751702010469220,221
510,-6151852268067518688,13
511,-6142462826726347616,2
512,-6136272094613269629,15
513,-6133746337603876146,26
514,-6126634320182965455,18
515,-6124198068300347794,27
516,-6121430502305136434,8
517,-6119620726358216329,7
518,-6115752106105570167,2
519,-6096307037126839100,5
520,-6076367233589223323,30
521,-6074661548047199165,7
522,-6074646493203713780,58
523,-6058152698516590252,35
524,-6056382045660082261,4
525,-6035458164887182128,19
526,-6016433871633244814,1
527,-6009377241272750648,42
528,-6005035774300213929,14
529,-5997769775112032630,61
530,-5989749314869037016,3
531,-5976464170927897250,12
532,-5973686110278905367,13
533,-5954724412982705962,5
534,-5953227649059336919,17
535,-5952729859839521828,48
536,-5941854046477982982,18
537,-5924653357616257702,2
538,-5920475612630001479,150
539,-5917314377186856799,9
540,-5912792039759735631,49
541,-5895530418852362770,4
542,-5881946480525580860,4
543,-5879360586463363298,99
544,-5867424949902842953,3
545,-5850390492300666299,49
546,-5848755753905481990,45
547,-5848514031542611523,66
548,-5847687782206566321,16
549,-5845411843260276924,11
550,-5843518165523212471,34
551,-5839185923562195912,21
552,-5836228373063558898,8
553,-5833012379380837354,15
554,-5829979886567267504,20
555,-5829402940194444779,13
556,-5826278791285476287,22
557,-5823763419123575797,5
558,-5823398424129440733,3
559,-5820943153819992582,1
560,-5813211845057621660,45
561,-5808672937983623398,3
562,-5799839529845993396,28
563,-5798690764728257756,5
564,-5794047401651735687,8
565,-5791454671270548045,17
566,-5790539535722288419,11
567,-5786811453218931415,9
568,-5784991738549272379,166
569,-5784228041033890044,45
570,-5781461435447152359,26
571,-5778988730475305016,31
572,-5769968511636780471,4
573,-5762305367413370284,7
574,-5756697018315640725,63
575,-5750828394349042089,12
576,-5736221996280340620,33
577,-5729915270134094048,29
578,-5715266554592745669,4
579,-5702535287667979261,2
580,-5691384416070374740,6
581,-5691008411030226594,7
582,-5690023155612846030,28
583,-5689187996536546877,10
584,-5686522658459155544,4
585,-5684357871122991503,51
586,-5680127089889759432,8
587,-5679515279292214033,10
588,-5679427141235752819,17
589,-5678159351655490918,3
590,-5676280017759875198,4
591,-5669503112960687520,8
592,-5658245291907121574,47
593,-5649504870272917833,3
594,-5647324599703588252,4
595,-5637143900506554933,8
596,-5636731245639685654,30
597,-5628897645967553681,77
598,-5628343274127925011,5
599,-5625593730080264433,91
600,-5622405819042018718,9
601,-5618100784509704440,24
602,-5613218615976195909,8
603,-5610593914683957297,1
604,-5608160619992456731,1
605,-5605799891597699962,33
606,-5602127731550819348,18
607,-5600393064072065417,12
608,-5581910915745827384,2
609,-5579492244806284582,22
610,-5578229678262992168,2
611,-5573840044320724169,3
612,-5571606607344218289,60
613,-5570795524983603787,2
614,-5570256785328462468,2
615,-5570129644089964821,81
616,-5557505576293652420,9
617,-5550023273712568004,4
618,-5527182266336855540,22
619,-5525441367600219076,1
620,-5522643017727334716,11
621,-5521549171704079872,1
622,-5515204090203464377,45
623,-5507019982244746725,52
624,-5500597021296520708,19
625,-5491334714953807444,26
626,-5488842573681626972,100
627,-5482295111885355605,3
628,-5470166294767187597,1
629,-5464698687596686623,16
630,-5458316826145145813,6
631,-5452374239565071760,3
632,-5446204508747882127,42
633,-5444306124868253918,8
634,-5434287697440336767,13
635,-5431549861280885742,21
636,-5414889822782394955,42
637,-5411404485622449820,1
638,-5410531116380081703,63
639,-5405021817466310759,4
640,-5403733687257676872,31
641,-5395935973320542237,5
642,-5386512752101672374,20
643,-5380376324140474506,91
644,-5363263367015469934,49
645,-5361115220834660562,24
646,-5350793437550886525,7
647,-5345231991504930502,1
648,-5331421579623797776,5
649,-5328971462978089293,3
650,-5322047011520469406,24
651,-5319401396891346003,18
652,-5315378314308323942,12
653,-5314778455998444995,2
654,-5313466754735123256,20
655,-5297634649735765167,23
656,-5289386635926629588,1
657,-5283011611531067471,35
658,-5283009029345397378,37
659,-5257244885628286303,11
660,-5255285107284514595,30
661,-5253644367331262405,47
662,-5238066650780855302,7
663,-5231736210378596444,4
664,-5214997228209357198,28
665,-5204755921272353160,13
666,-5200964355640106406,12
667,-5198756378866433953,32
668,-5193720747719231594,33
669,-5181489804915739633,16
670,-5179565226573622983,9
671,-5179258585851879449,6
672,-5170198873410718233,26
673,-5161313513317812402,56
674,-5160830061297425098,12
675,-5154395767417065070,56
676,-5151030094059373567,9
677,-5150441845583002912,24
678,-5148591903395022444,176
679,-5123671543726522991,10
680,-5116903270312432935,7
681,-5115041394506292462,11
682,-5088157426675091741,50
683,-5086435085468197402,15
684,-5082274522455747241,25
685,-5078536505040226358,27
686,-5071600977095793163,7
687,-5065077552540450930,65
688,-5060993828460133882,4
689,-5055745575969002313,7
690,-5044204125574973395,75
691,-5043294260151549400,9
692,-5039153034159656707,43
693,-5037827401452845772,52
694,-5027816744653977347,17
695,-5025556998520984849,4
696,-5024561776910686117,18
697,-5020541944663390025,3
698,-5017021199558167721,13
699,-5014627593450767720,120
700,-5011709367955107239,34
701,-5009578843275173733,2
702,-5002383425685129595,190
703,-5000193502203199335,5
704,-4996336942690402156,88
705,-4994468824009200256,4
706,-4977928818612291634,13
707,-4975645025178552956,12
708,-4974757204495953627,43
709,-4948717594596229869,1
710,-4948201003470936673,12
711,-4944551138301474550,33
712,-4930542581518647030,1
713,-4925213312961842798,10
714,-4921088466135297415,26
715,-4920252354047555768,6
716,-4917007328809735647,6
717,-4893195573827770029,9
718,-4888170580455425266,117
719,-4882849408937990337,2
720,-4875060556471576861,57
721,-4872447160271266802,17
722,-4866987227632887920,4
723,-4864344772765973009,3
724,-4844663695104994694,14
725,-4833307637594287163,16
726,-4831310174172854034,39
727,-4798431998955209742,77
728,-4793380646045599184,4
729,-4770861947600256785,21
730,-4767439283620384185,16
731,-4765711818183276269,39
732,-4762897581600184489,5
733,-4761420664091904483,8
734,-4760639635023250284,6
735,-4754223659064624252,98
736,-4749032095489327822,5
737,-4748027149000767298,1
738,-4740532350684079805,9
739,-4738242186452730534,3
740,-4726309075125105018,4
741,-4718837078135183000,6
742,-4709710373442563586,10
743,-4707863452603278075,16
744,-4704033845097735448,5
745,-4700714777342103147,54
746,-4698104907897418459,16
747,-4673604375671208816,11
748,-4673235524420943843,11
749,-4668565519400205181,13
750,-4662020648308370136,5
751,-4657414671719964025,6
752,-4655195825208522542,78
753,-4640750981890093183,4
754,-4625438649010928449,39
755,-4615575698508618335,6
756,-4615179238096674750,19
757,-4613284400780388067,24
758,-4612605965384710183,26
759,-4608017393995766765,10
760,-4600611344822394376,9
761,-4582216289807398227,20
762,-4575943417765899041,1
763,-4571929941432664145,29
764,-4570752586662989981,3
765,-4562218760600603086,17
766,-4561077506184283336,17
767,-4552546534914807304,5
768,-4550355627706401135,24
769,-4541461982704074404,24
770,-4531029390350541169,3
771,-4524355549457527387,11
772,-4509487968959834430,97
773,-4507929853521434970,13
774,-4505450219733822767,8
775,-4503975842879662368,176
776,-4487024160266973763,66
777,-4485188959476061019,7
778,-4483059513836093676,17
779,-4475938295812802739,24
780,-4469492210394109129,7
781,-4463029741564307314,26
782,-4460374799273064357,55
783,-4458371007893120981,16
784,-4451918963121780798,4
785,-4434534460030275781,12
786,-4414039190127558142,23
787,-4412848927260591416,2
788,-4399400419562742528,7
789,-4386371945374980231,56
790,-4374331682165863764,9
791,-4358357193736101128,43
792,-4351117979148287331,1
793,-4338308747999225618,60
794,-4336877432539963613,42
795,-4336355219396419841,11
796,-4333957157636611418,192
797,-4333056764244640444,45
798,-4320251915347436672,25
799,-4318248821095057296,19
800,-4316394955033262743,5
801,-4309525417316029305,4
802,-4303046765246718776,11
803,-4295420427690447901,13
804,-4293262855938209141,29
805,-4280604324733069853,11
806,-4278025512576376201,113
807,-4270702541777554377,2
808,-4265002939801511319,1
809,-4262964715347041233,23
810,-4248528062574538011,1
811,-4239579488204604851,23
812,-4233809085822159066,9
813,-4233177915193302509,48
814,-4231142613423804992,5
815,-4228415104574264137,89
816,-4218676349553328084,6
817,-4216050818952952471,38
818,-4205603734017049464,3
819,-4205346868684833897,78
820,-4201751526335049119,3
821,-4195851681734441295,15
822,-4194520495766350572,4
823,-4187268503708157132,1
824,-4186591400427142356,4
825,-4163754746025598258,6
826,-4158297476631283435,50
827,-4145260601063545880,117
828,-4138575697540914268,10
829,-4133169317019898816,39
830,-4132331404553626868,44
831,-4130193294870737688,11
832,-4127059794203205931,10
833,-4126288159365354498,10
834,-4110991218639855802,12
835,-4110354420726924665,1
836,-4102297002729307038,14
837,-4095842175692097942,25
838,-4089455027188314262,37
839,-4086521633840243549,8
840,-4084394822880420062,117
841,-4070929606295451361,13
842,-4070599188332885701,54
843,-4068545238978420047,2
844,-4050006690189978332,39
845,-4049108709890217048,14
846,-4037032837327175755,33
847,-4029704725707465084,433
848,-4027027091658759481,68
849,-4024778022934140027,39
850,-4024233104105796278,5
851,-3980612444042641628,16
852,-3978716320611299242,2
853,-3974295763584921518,2
854,-3968102273907750828,2
855,-3964583697784528168,18
856,-3959242148361340089,57
857,-3954182109690207118,31
858,-3951274083288934897,12
859,-3946932055798267834,1
860,-3944300307678659798,43
861,-3920984929373505016,9
862,-3920124114454832425,12
863,-3915769742442748515,20
864,-3912939678517879962,40
865,-3900870368325485697,32
866,-3886927790136130174,23
867,-3883591366197282127,13
868,-3876501423599932851,7
869,-3875881534863988868,32
870,-3872763991286728274,2
871,-3870325027932266414,29
872,-3870015206307768313,13
873,-3864069617285644895,36
874,-3854488592949785912,1
875,-3850803681204406658,36
876,-3850335246895770347,20
877,-3832772858396854546,2
878,-3825317043780889928,2
879,-3820497466351868775,18
880,-3810375613673461625,6
881,-3792933059425955471,3
882,-3790313320969344469,14
883,-3785072380450959101,19
884,-3780822597455574960,63
885,-3760006690401014603,21
886,-3759596852696130492,24
887,-3758287970266820834,8
888,-3751398885033121551,20
889,-3751249597609107201,26
890,-3750879736572068916,47
891,-3750301395521973493,3
892,-3745582971859460684,5
893,-3739000323288188282,26
894,-3734583695144530256,12
895,-3723217532224917485,57
896,-3718969219417182449,1
897,-3716447017462787559,128
898,-3709378389941441506,13
899,-3705763041224967421,28
900,-3700095596785790870,55
901,-3699283667575074041,2
902,-3697359635590244386,5
903,-3687965339291665275,23
904,-3678789633202302491,115
905,-3675009040647936899,33
906,-3671800260859291252,7
907,-3666646454167334466,35
908,-3663415946827459961,3
909,-3662111110237135231,44
910,-3660106964555224100,4
911,-3653998742295730637,4
912,-3645539449929727083,5
913,-3641109225708958458,11
914,-3633300009206493694,5
915,-3622715112759104312,1
916,-3620251618670158123,13
917,-3619568065513202846,28
918,-3614882924009373024,4
919,-3612149709424815327,10
920,-3605608255586388018,67
921,-3590865837401183812,20
922,-3581194288660477595,70
923,-3555513869558669392,9
924,-3552937095886146934,30
925,-3548152957882579401,6
926,-3544655814153481738,6
927,-3540554289369551216,10
928,-3537777320523757545,10
929,-3528088210002754978,2
930,-3515692979189178102,7
931,-3513515650250501785,22
932,-3513353119850106583,15
933,-3499919498720038879,20
934,-3488100191290830083,10
935,-3487500907059331343,7
936,-3482581255202910790,35
937,-3469502952547705884,30
938,-3468529816757552062,8
939,-3462051751080362224,11
940,-3460883803089049921,13
941,-3450690190989108770,9
942,-3428996085514172371,24
943,-3417523159811412977,28
944,-3410781775610270991,25
945,-3405516291669853723,13
946,-3404981437157985820,4
947,-3400154175330058574,31
948,-3395906801262755897,11
949,-3387888707667201720,4
950,-3387298624573211014,16
951,-3368357500455466403,11
952,-3367778232969996503,15
953,-3363563881552061188,35
954,-3357295447978726475,3
955,-3351990231604537690,4
956,-3351656282247453586,31
957,-3351652027149912881,31
958,-3348652277274905234,37
959,-3348458175249982599,4
960,-3338916066794638254,42
961,-3336755617029300430,9
962,-3324787160651928845,12
963,-3307413259092352650,29
964,-3302834510061927448,43
965,-3299064309968644318,21
966,-3295913657316686039,3
967,-3295730307439884506,4
968,-3285620956704836473,2
969,-3285397592982852407,105
970,-3275688295651945765,35
971,-3269885695260066314,28
972,-3267081294086663175,10
973,-3265730906936163775,1
974,-3258959365023720872,21
975,-3248233692182971167,11
976,-3234984575507976056,10
977,-3231932874544830919,13
978,-3224698078244963479,29
979,-3211843544085892873,4
980,-3206777048078326150,17
981,-3201623914150480647,5
982,-3191013159715472435,124
983,-3179358869851478234,7
984,-3173020603774823976,57
985,-3170855186954139022,17
986,-3170829374166745427,13
987,-3170783292462058942,43
988,-3169423801125605259,12
989,-3161714324304758767,71
990,-3136683414587095274,30
991,-3134743773662773628,12
992,-3130182799308303924,26
993,-3125361793069842594,7
994,-3114161754347804356,4
995,-3113913063173722290,2
996,-3110580810771259448,6
997,-3105075547863520421,1
998,-3102652803014865472,51
999,-3102446808559723934,40
1000,-3095494965842381869,23
1001,-3077386995956755130,12
1002,-3073433549435888423,5
1003,-3071732669882279801,40
1004,-3061741807736367554,19
1005,-3060116862184714437,13
1006,-3059841990815099417,13
1007,-3058031327323357308,86
1008,-3040610224044779845,130
1009,-3037091822980174821,14
1010,-3027055440570405664,84
1011,-3020916840917845519,47
1012,-3015446245469915661,9
1013,-2990485643677949494,3
1014,-2976850014387537414,9
1015,-2976309714446243509,3
1016,-2967429522197137387,18
1017,-2962461122453899874,6
1018,-2948321821574578861,126
1019,-2940536914889279273,4
1020,-2929967869758467182,4
1021,-2923886912694084893,21
1022,-2899726011463496555,35
1023,-2896441888220202695,12
1024,-2890958311805113955,16
1025,-2879657397552025078,3
1026,-2871347907044769386,16
1027,-2864378895481874465,6
1028,-2860224288374811338,14
1029,-2855910583928922225,46
1030,-2855218766021441159,26
1031,-2841995722250280583,25
1032,-2828628091730682303,73
1033,-2826566343807132236,2
1034,-2808969983997441543,36
1035,-2808959554282640221,33
1036,-2800563841840387504,4
1037,-2797708685347481851,8
1038,-2780168264183400543,13
1039,-2779829118032656703,5
1040,-2778760500673113802,12
1041,-2774293088092853604,55
1042,-2766592729910903198,6
1043,-2752345899464432864,35
1044,-2747266787901704910,39
1045,-2740396993975951758,43
1046,-2720012228333470715,43
1047,-2715495584815099454,10
1048,-2711301039947937868,4
1049,-2708021095252721995,23
1050,-2705245562881239338,22
1051,-2703878216681968882,7
1052,-2697906762425596568,9
1053,-2683134512107439488,38
1054,-2667874153709252756,51
1055,-2639327025262198345,12
1056,-2630716662499331227,11
1057,-2587745393898245957,1
1058,-2584174137395076448,115
1059,-2577148567706202814,2
1060,-2561023317421962555,6
1061,-2559385310537355580,12
1062,-2555801390963402198,13
1063,-2554512494756911972,52
1064,-2549933363319068481,58
1065,-2548446404469756145,10
1066,-2547386150711652030,11
1067,-2539915991213675511,37
1068,-2516726696296387544,20
1069,-2504825704002833401,32
1070,-2494226662129766130,12
1071,-2489051066377567114,18
1072,-2487699318115820990,14
1073,-2479936301516183562,116
1074,-2477364558321255827,1
1075,-2476100034099959458,19
1076,-2462651558329037716,18
1077,-2447632164766022033,120
1078,-2440547657721869309,3
1079,-2440247087447106971,69
1080,-2430889785264760757,24
1081,-2430153190648595765,5
1082,-2429242279408079104,7
1083,-2424983931459616622,13
1084,-2423593292146522678,16
1085,-2410328180964789831,23
1086,-2405892683303291957,13
1087,-2402288292108892893,78
1088,-2402157201203242566,29
1089,-2400879112398974660,3
1090,-2388274433047018803,12
1091,-2386148284399181873,12
1092,-2382583983070627054,33
1093,-2377881752614744441,1
1094,-2375266175756882986,1
1095,-2373876979584952849,19
1096,-2358756719610361882,280
1097,-2358644309529026633,3
1098,-2355230755276061204,8
1099,-2333243857499586461,16
1100,-2329480295839698254,13
1101,-2328163218997425612,31
1102,-2323511129839590090,18
1103,-2318171567839609160,11
1104,-2314360211211303885,45
1105,-2307670819023106063,7
1106,-2306981937763401455,5
1107,-2306623058132041487,4
1108,-2306089797938257253,15
1109,-2271868873349907631,4
1110,-2271000159302779222,42
1111,-2261845840076552387,11
1112,-2252459228396350242,14
1113,-2250487690322202259,16
1114,-2247142819145310881,11
1115,-2237790708081130271,8
1116,-2220859822082318562,1
1117,-2217888411555964341,26
1118,-2213320166727371491,2
1119,-2211174111335280246,14
1120,-2208293144000550811,15
1121,-2203297578165226595,5
1122,-2194994678739982146,21
1123,-2184022689343185012,7
1124,-2181071289972835602,5
1125,-2178100133349972724,16
1126,-2176468683077766369,20
1127,-2167839778474325326,12
1128,-2164628725543527116,8
1129,-2151750849426701342,2
1130,-2144625344076628986,6
1131,-2141497471886086313,16
1132,-2139739377293212491,1
1133,-2136400115854451336,16
1134,-2131823791227094865,10
1135,-2123288010168989418,24
1136,-2118981143119783447,20
1137,-2114113759134837010,3
1138,-2099829359953227557,7
1139,-2097626568191556277,17
1140,-2097075598039554565,95
1141,-2090760089450762391,9
1142,-2088615309014484136,14
1143,-2083103312491589695,21
1144,-2081760549863309770,5
1145,-2069509552243850466,69
1146,-2065362330475275026,13
1147,-2061825422128752184,13
1148,-2059465483219605309,5
1149,-2041630887686751489,4
1150,-2038869595290705317,11
1151,-2034054811536485879,44
1152,-2030742781169834114,32
1153,-1999468346928419252,37
1154,-1995591062742965408,59
1155,-1981734999963962468,38
1156,-1971429126058184075,2
1157,-1968251596393236557,9
1158,-1926525896637230556,5
1159,-1917202688559171732,25
1160,-1911407455198985777,11
1161,-1901742495252324928,56
1162,-1897853393557630253,5
1163,-1892877682006771545,8
1164,-1878569380455769122,25
1165,-1878128207048892154,73
1166,-1876558460087500339,22
1167,-1870456025059842373,12
1168,-1868592694876567759,4
1169,-1868297195590431285,1
1170,-1861959619649725543,1
1171,-1853084798056642222,2
1172,-1852324383183073754,7
1173,-1852234953549915446,1
1174,-1839591250599587429,21
1175,-1820269894165785259,10
1176,-1804728901674946596,1
1177,-1802980374508081539,2
1178,-1801367878403179328,20
1179,-1787737696395220629,80
1180,-1779870737568212247,21
1181,-1771108209511321547,4
1182,-1763986443823721481,9
1183,-1762456938647577126,6
1184,-1755875383603052680,15
1185,-1753606726398516179,19
1186,-1737937277055036780,1
1187,-1734960446580993454,24
1188,-1730766821655383888,35
1189,-1706114177222872702,1
1190,-1701416312023927957,4
1191,-1693609914930807886,7
1192,-1691850508443380568,2
1193,-1687864471892802710,12
1194,-1683903891018782242,17
1195,-1676378465482420452,9
1196,-1672166631728511207,18
1197,-1672165618620086344,12
1198,-1669098707776725430,3
1199,-1668558678125613329,17
1200,-1663441888197894674,33
1201,-1662763254714212341,9
1202,-1658488648009216718,3
1203,-1654063646246197191,50
1204,-1638122353599615846,8
1205,-1637159115260338032,12
1206,-1634742667970363668,51
1207,-1633984990770981161,249
1208,-1630229587164086350,31
1209,-1625815289565836489,19
1210,-1625217607550912638,21
1211,-1622037268576555626,65
1212,-1617279065634731389,41
1213,-1609424513692297222,25
1214,-1606980109000976010,7
1215,-1606909838151129701,12
1216,-1596335233529956315,34
1217,-1591454024897803197,7
1218,-1590585250246572231,31
1219,-1573329182923097618,71
1220,-1572252285162838958,68
1221,-1565401790888834000,5
1222,-1564468014116140117,20
1223,-1557920564469956829,3
1224,-1557461511205521728,7
1225,-1556169727291354289,39
1226,-1537223691132357350,5
1227,-1536771179525677307,11
1228,-1525688508571111688,42
1229,-1511619461666295654,1
1230,-1501277643953505671,3
1231,-1492913151930215984,54
1232,-1492574794514500033,41
1233,-1484165300616478995,7
1234,-1483274517395674620,30
1235,-1480913447590268358,28
1236,-1473180765724334454,16
1237,-1472215866306072150,7
1238,-1470592927114056630,18
1239,-1469918446833331103,3
1240,-1463025432902754108,1
1241,-1453783314552286835,144
1242,-1452702406886459776,8
1243,-1452340812018195881,47
1244,-1449104782233586994,14
1245,-1447641181396994093,3
1246,-1444481301861872291,39
1247,-1444385929353415304,11
1248,-1443900796086927361,22
1249,-1443593727366384026,7
1250,-1437952039441999695,5
1251,-1429167743746492970,20
1252,-1425776303341065806,64
1253,-1419343869401004365,8
1254,-1419188045265393093,20
1255,-1418355038507506357,10
1256,-1415040208471067980,38
1257,-1403735753867098241,31
1258,-1383778823073811714,2
1259,-1365928983118861754,3
1260,-1353560213232970946,19
1261,-1342820011354825290,6
1262,-1338957937839941365,18
1263,-1324705355456975418,2
1264,-1313614305945895108,39
1265,-1312850681127865433,2
1266,-1306208577536428610,15
1267,-1302167511807875596,7
1268,-1297580205670251233,253
1269,-1291869519847635026,44
1270,-1287202638861144684,6
1271,-1259410223376598430,15
1272,-1257839697539084047,4
1273,-1255189867397298842,14
1274,-1254906787526072320,23
1275,-1251258405608426882,13
1276,-1249582672736761858,4
1277,-1249436522568155938,5
1278,-1243978819371381632,2
1279,-1242702988593021334,12
1280,-1219115668721807817,8
1281,-1199490911632553070,33
1282,-1196068832249300490,18
1283,-1192619987285372590,14
1284,-1181242543195516037,8
1285,-1178371721262103855,17
1286,-1173087925894083974,7
1287,-1172724258904585136,3
1288,-1165347641456093580,4
1289,-1151034582628982912,22
1290,-1150591229250318592,2
1291,-1138633255366005559,1
1292,-1137602700803601559,8
1293,-1129449063360470561,12
1294,-1124738136890721085,21
1295,-1123543351704082417,23
1296,-1119244241345534741,18
1297,-1114438937697017987,38
1298,-1111518890369033396,41
1299,-1104501717379772664,2
1300,-1101832997669013246,46
1301,-1101361754763388054,17
1302,-1088742830039453732,19
1303,-1081723567492738167,3
1304,-1073835383506921412,12
1305,-1072987232233605661,26
1306,-1068603220639552685,19
1307,-1060990524105135617,3
1308,-1055630159212837930,25
1309,-1051830303851697653,6
1310,-1046621686880462790,13
1311,-1039912738963181810,9
1312,-1033806831489252007,21
1313,-1024046541613287684,4
1314,-1022885988494278200,52
1315,-1021685224930603833,17
1316,-1006791494035379303,11
1317,-998818216447049475,23
1318,-993224631915984347,4
1319,-986193709330758766,49
1320,-986027724303592548,56
1321,-973131232603202326,10
1322,-969155230116728853,45
1323,-958925381525830552,13
1324,-945863510619496974,25
1325,-927862226557602150,15
1326,-912681925384819247,21
1327,-908505899495735224,3
1328,-908052164352446106,40
1329,-907419983362132448,2
1330,-906467637324626408,4
1331,-894273917655637623,1
1332,-885886002174762919,27
1333,-885453047081832598,30
1334,-879594538384021068,39
1335,-873780453963615794,21
1336,-862645085190435621,28
1337,-861913102049789637,41
1338,-860914756454619650,6
1339,-860751600992244121,53
1340,-844797936291539016,8
1341,-825802007843492131,9
1342,-823697973575832204,13
1343,-820343972901090172,104
1344,-817129654810180675,9
1345,-816352740763488513,25
1346,-807868207410889392,3
1347,-799315203186826480,40
1348,-797853000484445213,2
1349,-793729620925729327,39
1350,-790959521412948853,91
1351,-788035419968530567,25
1352,-782975839522191154,14
1353,-769212572760644334,3
1354,-759389978085260161,45
1355,-749116597676471759,4
1356,-746073086109727488,23
1357,-742603651309629354,36
1358,-730957269757756529,87
1359,-729129249377835720,11
1360,-724699218170106849,26
1361,-721732705314803549,17
1362,-720777800522871309,1
1363,-713893030279048092,3
1364,-703416562539077070,21
1365,-692972306229904743,14
1366,-686679025328909441,14
1367,-668191656681035303,2
1368,-667193404227875686,53
1369,-662806181534790446,19
1370,-659411840002799494,8
1371,-655909700262679295,42
1372,-645584250289067285,2
1373,-637050915727878966,7
1374,-635870441391555852,14
1375,-634395794651424614,7
1376,-624901815223005993,9
1377,-623310439329591027,3
1378,-615912190028612956,130
1379,-615862350872519037,21
1380,-614408900691920886,23
1381,-605114438206384896,14
1382,-601952361752157430,47
1383,-595851741330881198,8
1384,-592655813177747831,11
1385,-587747935064273401,4
1386,-584688562749460923,4
1387,-583471248660258378,6
1388,-582471538642477927,5
1389,-569322218183730892,1
1390,-559964548932224920,48
1391,-556674612043273194,2
1392,-555187669877280641,42
1393,-548976469460064550,36
1394,-548495338204268789,2
1395,-547324075613341407,7
1396,-541666025693385823,59
1397,-538948733779286129,49
1398,-535029905294961110,11
1399,-532999578436827210,26
1400,-519908173368613957,23
1401,-518690781085251687,7
1402,-502840688786875793,18
1403,-498795758651788662,10
1404,-498521148402713730,18
1405,-486686184692655504,36
1406,-462708537764773317,18
1407,-456574518348806233,1
1408,-455124319026316634,10
1409,-454649054276160610,15
1410,-450825503558460924,17
1411,-447851796385928420,94
1412,-435798809553722526,13
1413,-434149774629603391,9
1414,-427385793606723821,8
1415,-411378842607264055,6
1416,-401664538366009049,70
1417,-398780385766545248,25
1418,-393060967458342665,13
1419,-389749390447363927,2
1420,-387651900461462767,49
1421,-377975173223377441,38
1422,-360529647164834348,37
1423,-348408475077850711,47
1424,-340541651592032197,3
1425,-339230353302835829,8
1426,-330801551666885085,122
1427,-329139582593571060,7
1428,-327208414896292296,8
1429,-326357109758599578,10
1430,-324861070284719256,26
1431,-321691855821364131,16
1432,-310216403933861245,9
1433,-307396946333196366,57
1434,-306538960798971040,10
1435,-292870452169977398,15
1436,-282629989972409543,1
1437,-277169424764188814,11
1438,-273156842634169039,1
1439,-271938775771328391,35
1440,-266262937631881148,15
1441,-264519121623606417,6
1442,-254088699629065171,1
1443,-241724866433160984,4
1444,-240359174314633445,34
1445,-229081393244987789,11
1446,-205193648629294862,50
1447,-197504840924463488,5
1448,-170687954910264210,32
1449,-169274570747753943,7
1450,-158184760257182670,21
1451,-156577302871365261,3
1452,-145625979744144572,13
1453,-133139342397538859,315
1454,-115909536143817330,2
1455,-115892576593938933,8
1456,-96719740408441346,28
1457,-92787874211637246,14
1458,-91139000311163410,14
1459,-89955207814154444,11
1460,-88303961787201909,15
1461,-86767468210285959,1
1462,-78667914647336721,48
1463,-78422372027822130,6
1464,-78066964941874046,95
1465,-74366709451305894,4
1466,-72844094766108869,12
1467,-70211258489242437,2
1468,-57452526663870593,22
1469,-55755961199248325,7
1470,-48842168049882829,5
1471,-48321713734223478,5
1472,-44082375822273498,3
1473,-43795168179752761,4
1474,-42126282997118624,37
1475,-39485845307123560,10
1476,-36844712915106340,17
1477,-33740349536513960,18
1478,-23817016428727099,6
1479,-21036008762564671,48
1480,-14569272361926584,127
1481,-7527881206365368,47
1482,-6457517220721978,37
1483,-5924996404988010,44
1484,-2871288807409592,14
1485,-1523691178084871,32
1486,-1038011342017850,98
1487,1984587708208773,6
1488,9178250635927683,1
1489,10247031220756478,11
1490,18738895644634365,21
1491,18930987176089166,46
1492,30461094217357731,9
1493,31349081826574004,12
1494,33271019004198538,3
1495,34557439830244258,1
1496,39554158227241538,38
1497,49177526672934036,4
1498,54211792749134075,15
1499,54678605145828343,7
1500,65053321054180411,9
1501,80435662809978246,22
1502,84318068629167514,4
1503,90383487344892230,69
1504,91241469839881699,13
1505,98528655405030624,5
1506,119886322445874454,29
1507,123378787151399958,24
1508,127799031949294618,35
1509,139485217095648183,38
1510,141806940259458424,11
1511,153466256338950062,4
1512,156889606517612871,34
1513,161784308223385549,16
1514,162771765556771108,8
1515,163780025692404854,1
1516,167668355036921406,1
1517,171877380813632915,4
1518,174707786647990372,28
1519,179286456725721055,2
1520,186710613029854965,3
1521,190366396794861214,12
1522,201515581783532281,28
1523,204997192300542382,8
1524,207910079054861295,3
1525,215332765550420709,6
1526,216869981229779312,24
1527,223316996491584050,9
1528,230807360572081472,10
1529,231281690254211527,23
1530,240943776326872028,2
1531,270443693434886127,8
1532,279771472506428952,45
1533,286115624311598644,1
1534,288653248451617914,11
1535,300937643051923212,28
1536,307952468886079288,2
1537,310515487419366995,136
1538,319340024738595907,120
1539,321193326651975856,23
1540,335910242745901755,25
1541,348632682812866328,13
1542,357449794379078687,37
1543,358192030955601318,44
1544,362899217568283146,5
1545,363303724138208407,2
1546,363798057559041921,9
1547,365571143597993923,6
1548,372531153711028286,38
1549,372648779227126668,7
1550,374352050712569304,71
1551,374674704202038318,21
1552,378386436485699053,15
1553,379773866860040428,11
1554,381577463519666187,4
1555,384967563509172020,2
1556,385212706171385893,23
1557,393734797767236089,2
1558,400125073514833994,33
1559,408283689595887456,27
1560,408569329455206654,14
1561,409265364477466508,3
1562,428486625959995206,31
1563,430255078684584595,54
1564,444378495316508239,17
1565,457505998997890101,5
1566,459008865413659388,15
1567,464601875539492971,36
1568,484986956330644320,5
1569,489290927107045539,7
1570,490726311396224966,21
1571,491373795166252904,21
1572,505090987429665116,12
1573,511891900317865118,48
1574,514858832555251637,6
1575,515531013045220470,15
1576,521382866757596943,13
1577,524776334673868069,17
1578,532564948976818124,11
1579,539980615899429566,10
1580,541470630329465127,10
1581,549631724393582960,19
1582,564282370384747453,41
1583,569574447134368517,120
1584,589254894302309232,5
1585,607684800821303652,32
1586,621816023396605502,45
1587,623421554979899217,47
1588,626121253933491500,19
1589,638282658987724754,16
1590,643905832258297060,16
1591,654383168348870348,12
1592,657779080033041603,5
1593,660451400045043370,58
1594,667643281369196267,46
1595,668505019835540303,4
1596,672199059798181601,42
1597,679005777543560737,26
1598,685073630661800600,19
1599,687641199951066750,5
1600,711995695898078056,15
1601,717471739656838182,27
1602,719128783277038733,2
1603,722931447608069342,9
1604,734632752661830332,38
1605,738761744030347929,15
1606,739747367187387064,3
1607,751528815916485437,23
1608,764116021156146784,83
1609,784265334245910688,26
1610,786135087362634258,23
1611,787067277772219433,7
1612,790210667253898984,8
1613,809601605585939618,30
1614,817145340976958200,32
1615,817467807875770568,5
1616,826748584447376099,25
1617,833256912680066502,6
1618,834896074125772354,45
1619,865977730460714234,8
1620,880612740433495828,191
1621,881166463209244600,15
1622,882422233694040097,107
1623,885269153482673496,3
1624,886450434856305025,13
1625,895442114569096829,11
1626,896159636285333275,18
1627,897043351348716074,9
1628,909703879562824170,9
1629,910894669274456978,17
1630,911037455259135591,50
1631,914293752636521893,5
1632,921770761777842242,21
1633,943818026930898372,142
1634,957332268361319692,39
1635,962287586799267519,30
1636,966067567430037498,29
1637,967143806332397325,1
1638,972258375127367383,2
1639,980458131533897249,48
1640,991271693336573226,110
1641,1002673045600956890,16
1642,1003778007373126185,1
1643,1005751836898964351,76
1644,1012456848389051365,47
1645,1019706997674210703,30
1646,1021466437456217445,31
1647,1021946628105173582,29
1648,1024145536490998555,32
1649,1031060816592502094,30
1650,1038118700785242153,9
1651,1041289933344278866,22
1652,1058405970043104639,6
1653,1059874396577697902,12
1654,1060159005880386235,73
1655,1061238072586805321,3
1656,1083474613819325601,7
1657,1099809408921653201,9
1658,1106203543388094548,18
1659,1107739178195154647,31
1660,1114791714656282929,16
1661,1115750778137998115,4
1662,1116363438212354892,17
1663,1117455951802655890,2
1664,1118048247334038458,28
1665,1120323498091467525,23
1666,1128840733277618400,27
1667,1137471872769164371,27
1668,1146823593746606655,6
1669,1158279435862414346,2
1670,1173658987415870390,8
1671,1177957942021788639,6
1672,1179017557429431126,22
1673,1179326165172129711,8
1674,1181735998104559604,29
1675,1184320069221244535,4
1676,1220948775534529013,9
1677,1233935898842140014,15
1678,1252762949661329700,20
1679,1266958185239582088,15
1680,1283472251609674486,31
1681,1286494666178127087,8
1682,1286723199785027310,23
1683,1306706744219888810,3
1684,1314740759271289025,17
1685,1317782055909095806,15
1686,1318981494172475806,36
1687,1328618437884612347,6
1688,1331356827163029243,5
1689,1333053624108726661,6
1690,1339353160969606996,25
1691,1348739322889189648,87
1692,1349971382589894814,5
1693,1354035119798779232,6
1694,1356221992133852808,171
1695,1362186507591814859,23
1696,1362723651715193305,2
1697,1379546145237381445,46
1698,1392715980907132808,3
1699,1403599387299754918,13
1700,1415230502586719648,51
1701,1423541364223434892,5
1702,1431351528207086249,1
1703,1432311799980176241,20
1704,1433393829724383645,27
1705,1433951803438448289,1
1706,1434312143013787309,12
1707,1436883058900979473,64
1708,1440793148901830221,16
1709,1441248639512899483,82
1710,1449689399273695199,23
1711,1450769039556893440,2
1712,1457728991321948254,3
1713,1459131257418324496,24
1714,1468327003955810686,38
1715,1469580151036142903,209
1716,1485652648052127324,6
1717,1487738553913510703,2
1718,1496653703915349161,9
1719,1507299850679912107,14
1720,1515492713000932747,21
1721,1525777409079968377,20
1722,1525988103928186217,8
1723,1532206435917316688,8
1724,1536798472239364319,4
1725,1537717759622831344,6
1726,1540456027678548167,4
1727,1542516532533301214,9
1728,1544550983918141657,18
1729,1547036706250649420,2
1730,1549650080907932816,51
1731,1553114235264483780,20
1732,1554619040289415222,20
1733,1556878199027930272,9
1734,1561244083438776495,51
1735,1567984561327445971,43
1736,1577045425286888616,35
1737,1580124381109623727,31
1738,1582315529508020223,22
1739,1586004000405879970,10
1740,1590841424376000970,16
1741,1592600391233958243,6
1742,1595230810451459837,12
1743,1618055575277164008,21
1744,1619468327065509360,4
1745,1632166079091127830,5
1746,1639450243805666792,35
1747,1642787330067525131,24
1748,1649085803937938638,33
1749,1649752043999819668,52
1750,1653300339718932603,7
1751,1662917027785920354,3
1752,1665726676688122621,26
1753,1674373276159762025,29
1754,1681163606115593313,6
1755,1688185960300227694,2
1756,1698483880714927645,14
1757,1719976830095479814,1
1758,1729892529360390310,1
1759,1734266821019430183,69
1760,1737303669706106633,2
1761,1738052593226421681,152
1762,1751822544912242581,3
1763,1768072794787289517,36
1764,1768976290984301641,33
1765,1772786465683785304,29
1766,1796618361228441836,53
1767,1797385737206265555,7
1768,1797761064772338938,40
1769,1805789466376069146,6
1770,1805849336099641652,4
1771,1828340614995116767,14
1772,1829180586132834070,6
1773,1851975995406778464,10
1774,1852992637140705599,4
1775,1854874463930846880,165
1776,1862503310075246782,145
1777,1873952032843878490,68
1778,1878784080584939832,42
1779,1881534532776527237,81
1780,1908114740148100507,2
1781,1920899299418335515,22
1782,1929674614667189969,60
1783,1933229167501870037,27
1784,1954074927376897165,18
1785,1954991916791271993,7
1786,1959495508923903948,17
1787,1964631817676172382,22
1788,1968587931268137930,8
1789,1971653634364577968,9
1790,1981046186743381313,6
1791,1990052153136096105,41
1792,1992928170409443117,83
1793,1999466695269209462,15
1794,2006478190737700267,12
1795,2025471325746532174,37
1796,2032007496318616962,24
1797,2037560494723407153,15
1798,2048657552251060795,45
1799,2050138727387005412,4
1800,2051327203770554158,1
1801,2072448887839540892,134
1802,2075656428057535795,7
1803,2080544143997420913,5
1804,2081512200574495983,14
1805,2093656054622337275,3
1806,2096088841518695759,16
1807,2103268612948910635,59
1808,2106559900295325351,53
1809,2121807307434667949,7
1810,2122245305662000853,15
1811,2124033843135988844,38
1812,2134259819148812594,44
1813,2156244701966673186,31
1814,2171312647242674161,3
1815,2171751753892441512,1
1816,2173307133640600082,3
1817,2203293143157288172,6
1818,2215773447123360543,24
1819,2220561310072186802,9
1820,2229625391864201918,43
1821,2231749805468232267,22
1822,2244894675266276573,24
1823,2250978527027854837,9
1824,2255603060224026824,4
1825,2255878226385826814,6
1826,2259988589066296676,57
1827,2262656830196923781,41
1828,2265761247530716287,6
1829,2267321579404324900,80
1830,2271592336048425450,7
1831,2271793263120018251,10
1832,2277184202014276839,47
1833,2280365999288629014,94
1834,2282385028752844581,18
1835,2285214528595997209,142
1836,2285392309373358857,17
1837,2293315701090958124,3
1838,2296515698565489277,7
1839,2301338403202434417,21
1840,2313825045587317872,11
1841,2314077149264083254,2
1842,2317969739828155334,12
1843,2321412363020240814,49
1844,2323403245382926621,2
1845,2333823948799779498,18
1846,2335028422423709400,1
1847,2359690284139785648,5
1848,2362495898257544462,36
1849,2372438485070148864,178
1850,2375950438753851487,7
1851,2379460324923679020,1
1852,2384931701643938149,17
1853,2388097612905924826,12
1854,2393972361498749268,12
1855,2394847196776462305,3
1856,2399228553079505025,10
1857,2405689222645002684,4
1858,2415534163825594672,9
1859,2417383163258637695,60
1860,2424381466524517235,3
1861,2429264894470039764,19
1862,2434296883874412747,14
1863,2435024834845042614,16
1864,2436112252908442663,2
1865,2438237966002226084,2
1866,2441555519716118559,3
1867,2457939609972623332,11
1868,2468005329717107277,59
1869,2470587255066232267,16
1870,2474876390020567211,1
1871,2480569770059008227,5
1872,2495913984359439198,32
1873,2505379943041571189,3
1874,2508620055362300376,43
1875,2513724012883866928,12
1876,2515874237935914763,27
1877,2518704978033827255,11
1878,2531450382701518075,2
1879,2541499697677936774,11
1880,2543311963908571128,35
1881,2546657529517570876,18
1882,2546734694784514225,19
1883,2551517430254715046,20
1884,2555983212310147009,146
1885,2572662123697831414,1
1886,2573252627510191315,14
1887,2581138407738454418,255
1888,2586379029487881843,6
1889,2589533162305407436,48
1890,2598008935363515744,8
1891,2601622077116449484,37
1892,2602221055863892168,38
1893,2602738827388230683,20
1894,2607211459879791691,34
1895,2608740049979127115,5
1896,2617330491231854367,15
1897,2623290164732957912,6
1898,2625883933130361261,31
1899,2628816849077589497,28
1900,2633033854118851671,2
1901,2633209697262372913,49
1902,2639926854188906104,10
1903,2642993575444549134,2
1904,2645380860642118790,49
1905,2668307045795933565,3
1906,2668385070649954934,21
1907,2670715450352290324,9
1908,2672238531812965181,12
1909,2687654465640040976,86
1910,2690205894709699741,12
1911,2695065703077082407,10
1912,2708089973817733462,95
1913,2709926970543371965,80
1914,2715453133655798791,77
1915,2719909253419802298,134
1916,2725842723638001955,62
1917,2727743992157210358,80
1918,2731915238980099593,28
1919,2736373711035411385,12
1920,2760023027553835473,6
1921,2760335717049716507,22
1922,2764830801602925772,24
1923,2765063319512128208,51
1924,2788367348502337122,3
1925,2793899372921426050,13
1926,2809702925357288303,45
1927,2817960273225808857,31
1928,2819427195737975069,19
1929,2822049545552366036,45
1930,2824996248683640175,1
1931,2834072258350675251,18
1932,2841458704671711663,9
1933,2841545035570793472,16
1934,2842727018572461564,5
1935,2847365042071859088,1
1936,2857117417189640073,241
1937,2858969450431709251,33
1938,2864534935028964135,13
1939,2867605706298498445,12
1940,2870099478920706993,18
1941,2871648046424590878,6
1942,2879555397105020076,2
1943,2885511262558254418,13
1944,2887151738440339754,9
1945,2888507406903473601,25
1946,2900029983899283273,6
1947,2901480192726556992,14
1948,2910288655685129221,12
1949,2916072977192006313,70
1950,2917561522815946740,9
1951,2925450084561574364,14
1952,2927476152522512441,11
1953,2930191803881821526,57
1954,2938654209557667280,6
1955,2947843229055216994,8
1956,2951308020527021494,6
1957,2952636544547704346,37
1958,2966083692047828770,14
1959,2990005046938769485,1
1960,2991405198675389827,21
1961,2998023988107018635,15
1962,3017826600888052926,7
1963,3032648342029994387,3
1964,3035329611795434601,42
1965,3041906492387035176,26
1966,3056097063387494549,10
1967,3057455921237571253,3
1968,3058137260516373249,9
1969,3064370296170038610,30
1970,3067875254349597654,3
1971,3068975614432538771,7
1972,3073610766179441483,8
1973,3075564241645350154,71
1974,3075810310719170278,19
1975,3076823183761975019,12
1976,3086800924266336392,13
1977,3091351089612339864,74
1978,3097721536109455446,8
1979,3099207916247126790,50
1980,3116298625885250927,3
1981,3128282567747885251,20
1982,3134511142783292503,12
1983,3142843830268077617,51
1984,3149164017776669829,110
1985,3151804887212279872,17
1986,3151913710743441986,24
1987,3155118717275463069,16
1988,3162261384765351942,24
1989,3168079495368669052,13
1990,3170775058142440102,113
1991,3172866488852888544,17
1992,3180608611815082945,20
1993,3180828616327439381,60
1994,3193164045772142182,12
1995,3196303498841885455,11
1996,3205047378909988692,47
1997,3218993154926038233,5
1998,3241240229241793423,11
1999,3256054536066714292,10
2000,3262563792577344354,15
2001,3262705634545542432,42
2002,3268064929368559554,53
2003,3268827390679661574,5
2004,3269302169678465882,57
2005,3272519107572730082,12
2006,3273084325487543386,39
2007,3288699993147470797,25
2008,3293246847422795557,28
2009,3294074907209583622,33
2010,3294713041855207102,18
2011,3296513714237850943,14
2012,3301147467076954944,34
2013,3306277069425849869,101
2014,3310859214930485296,4
2015,3320201327008235211,38
2016,3321223121670148312,1
2017,3322348437880079228,56
2018,3328253785421705444,17
2019,3343368383976781910,17
2020,3353902017498793780,15
2021,3361679265573758500,9
2022,3365858042237188987,3
2023,3367026768872537336,247
2024,3375733407275108717,19
2025,3380406830501456504,11
2026,3382511589554885024,35
2027,3382795524953511662,10
2028,3382987666565638029,3
2029,3385087622593663739,11
2030,3394403706511230595,12
2031,3399073250354435892,1
2032,3407455496422791860,5
2033,3436241621287351574,2
2034,3437437537867086722,19
2035,3440451510720294447,28
2036,3455160158461205368,16
2037,3456674717452933449,6
2038,3460026829794173084,18
2039,3465127447598546258,1
2040,3467834993860080188,48
2041,3470393457385461859,4
2042,3472032465864014134,34
2043,3473173479782472081,5
2044,3475346635930218065,25
2045,3492139128548911513,29
2046,3495098006178009360,112
2047,3496156626367166618,7
2048,3510349622718287202,8
2049,3533132794957138580,10
2050,3541770362851368020,7
2051,3547081132182529111,11
2052,3548262914600772288,23
2053,3562616807243819955,4
2054,3564394485543941353,12
2055,3566197569262766169,19
2056,3569727790804487273,38
2057,3575694866055127253,28
2058,3577117590019014785,13
2059,3578170066555585515,7
2060,3579921471626387620,40
2061,3582716808949240433,28
2062,3585886677712899987,11
2063,3598164602856140626,48
2064,3608243634452078989,41
2065,3609315114795782005,4
2066,3611701510490148233,38
2067,3616722904601574426,65
2068,3618205920179577598,21
2069,3618271604906293310,1
2070,3643465492984939400,26
2071,3660989387512978561,143
2072,3662832673570108627,13
2073,3679601493757850490,13
2074,3687286164936910007,2
2075,3689128258624052102,63
2076,3702150017806959874,3
2077,3703141283586666995,7
2078,3704349024245704692,19
2079,3705075652854270482,1
2080,3706563147339457456,16
2081,3714350889740403446,29
2082,3715130189384008388,14
2083,3716124214746295857,33
2084,3720742491238027703,5
2085,3727587882617538492,10
2086,3739926497176994524,85
2087,3742318026370211556,2
2088,3746463631389880443,11
2089,3750772607644674028,12
2090,3751305746867503759,19
2091,3756874058845999993,18
2092,3761187656635209729,5
2093,3770082505811422124,16
2094,3772685586944428188,25
2095,3779434447835779494,56
2096,3779639438468810958,31
2097,3788990922347931494,17
2098,3799372021687456380,4
2099,3799414975499163376,17
2100,3801064060797809024,11
2101,3801658304588389996,22
2102,3818189513627822856,70
2103,3823268327704412514,4
2104,3825866166263569974,40
2105,3845974592165897942,10
2106,3880098804615440102,13
2107,3881851296308711302,35
2108,3884256359744615997,1
2109,3888577703887670575,13
2110,3906974906788964502,51
2111,3915768615016750361,19
2112,3929262240746146680,16
2113,3965818599169726564,12
2114,3972616933829295411,7
2115,3980405883168341377,2
2116,3989649621607163677,21
2117,3995377148178067553,9
2118,3998743085432844199,30
2119,3999205546352981758,1
2120,4001521928622781645,21
2121,4012770927504386801,4
2122,4036103329046553070,9
2123,4037478513037442964,4
2124,4039031731864440026,63
2125,4045164454094417310,33
2126,4056017896532335209,4
2127,4061646345741687197,44
2128,4068119742428755460,23
2129,4069333494579100211,36
2130,4084131344684656470,128
2131,4089568303716665454,16
2132,4102576381061107965,30
2133,4105873627900556540,148
2134,4106497696154898573,1
2135,4109366816886873672,13
2136,4109618890343020064,4
2137,4117174730087083056,24
2138,4118743389464105405,66
2139,4119190424078847945,1
2140,4121807259563748287,4
2141,4125609302375934769,8
2142,4139191914110236238,35
2143,4151147085496712967,31
2144,4153717385931831462,26
2145,4156291407717900798,19
2146,4158328739563138055,8
2147,4161491675236615151,8
2148,4164212115654350513,37
2149,4165127518659426948,39
2150,4169374063813159761,1
2151,4184543400419595673,33
2152,4189221198175710203,7
2153,4195778828921942020,31
2154,4196146076384098027,7
2155,4234941042749452539,22
2156,4235212484048164433,2
2157,4241385837165861843,26
2158,4247196691613374764,10
2159,4259370161044254504,140
2160,4273365516830385867,5
2161,4277778562135834208,58
2162,4287021355610172885,10
2163,4296604388230897073,32
2164,4300652811307550975,37
2165,4303142677581479651,2
2166,4306804750094230211,27
2167,4307023751244532288,24
2168,4307433444610636421,23
2169,4311772163179839306,11
2170,4312678980890750477,3
2171,4313871021753084020,36
2172,4315784099325221836,2
2173,4317140528951861957,7
2174,4320282974712265321,24
2175,4328888515190573663,23
2176,4333668738649701866,2
2177,4338940510328721138,2
2178,4340103631421550622,7
2179,4345055131254210605,20
2180,4355464044208438135,27
2181,4369833742675497700,75
2182,4372031182493802582,17
2183,4373020502739965726,12
2184,4375556914674736641,76
2185,4383035933260676803,53
2186,4396754138692995627,8
2187,4402253552023115142,3
2188,4404314996867098682,29
2189,4419562057180692966,112
2190,4428409432282393251,55
2191,4430356355587165611,7
2192,4430520614172753870,19
2193,4437902912817080687,2
2194,4441012164161473407,13
2195,4460664691673874476,5
2196,4463025528374352465,4
2197,4479576054067772847,3
2198,4485571547865864859,48
2199,4508362112182399467,46
2200,4532698165746826599,12
2201,4533807694984784858,5
2202,4544213501105457932,9
2203,4546206336477094824,1
2204,4548329563501022787,2
2205,4555339116751579515,34
2206,4559158557590109105,21
2207,4563006651994272837,9
2208,4563606877148407012,23
2209,4575212535548313873,3
2210,4575580212020245658,14
2211,4577451034168098359,41
2212,4579392053042969226,6
2213,4579557799493615039,50
2214,4597139024287190193,5
2215,4604014376318271136,16
2216,4607279316199873708,3
2217,4609121753781446855,24
2218,4625350031392752392,20
2219,4629488036162962359,33
2220,4631867115963052211,10
2221,4633013345375349272,23
2222,4634963407423735625,6
2223,4644184613269860655,7
2224,4644672909721737325,12
2225,4647928672998188259,3
2226,4654349179360175629,3
2227,4657430003888493310,23
2228,4667058261084775379,20
2229,4668172927098913296,5
2230,4671890082953295903,16
2231,4674667995387386186,18
2232,4675505028897335428,17
2233,4677417698542178243,12
2234,4695698299220703541,24
2235,4700641534148321049,2
2236,4702453495211185350,5
2237,4702466408529036844,9
2238,4706890430832287959,7
2239,4716135688735489427,33
2240,4717008760225392411,15
2241,4744297321841608877,30
2242,4746056663292225769,7
2243,4751741894255718069,11
2244,4757923412035174662,9
2245,4761910285123871012,76
2246,4774970687540378081,62
2247,4776828703162554224,23
2248,4780818054552370624,10
2249,4781931173636001110,13
2250,4783081874753928396,27
2251,4785499183287168509,32
2252,4786732753690611738,2
2253,4788854083489560153,119
2254,4804093434821394840,1
2255,4807410384082534048,8
2256,4807721425375438334,10
2257,4812089894709919859,5
2258,4814419120794996930,60
2259,4815632823882298534,55
2260,4817624205684040310,4
2261,4831903061865014867,28
2262,4833869287568225997,2
2263,4843782008053284888,15
2264,4861691621484862889,11
2265,4865901874365409673,13
2266,4866620033136147586,5
2267,4869691310149728361,1
2268,4876769046116846438,119
2269,4877833951599818487,16
2270,4891010769166501207,32
2271,4891164246772479976,20
2272,4893900714822288649,52
2273,4894833130708450490,23
2274,4894993979681787098,6
2275,4895396506368139469,2
2276,4899554125167253337,21
2277,4904775878165401439,15
2278,4909630283317268181,7
2279,4911701623098526999,35
2280,4915137112517573184,20
2281,4916417766268744775,15
2282,4918358495761748770,24
2283,4920704891238922872,19
2284,4945121243335041737,4
2285,4950037926975347884,9
2286,4973921475467086339,2
2287,4988225165850707692,2
2288,4991224059205503283,8
2289,4999440443052714243,10
2290,5005421293875190218,4
2291,5008913705695203000,59
2292,5009420943344705199,8
2293,5018472516978866574,31
2294,5028081187109329892,3
2295,5032631648793129465,17
2296,5036201777135800491,14
2297,5037221949349729844,40
2298,5037403311832115000,15
2299,5045927063019110283,33
2300,5051167660880461112,20
2301,5053372977408537204,13
2302,5062670850994683718,13
2303,5082053563644129584,13
2304,5087084654882097891,32
2305,5088013394045185972,30
2306,5092635400707338872,31
2307,5109221095427625188,21
2308,5111115201913219115,3
2309,5135371516547401748,7
2310,5141088074002391058,4
2311,5145921881592486583,10
2312,5147907773522671167,5
2313,5152069678055228801,17
2314,5156657166068502754,2
2315,5162508842577612756,14
2316,5163772683749067995,16
2317,5165953265902526320,2
2318,5183878957903248326,16
2319,5189107351987144723,11
2320,5189433264884433830,11
2321,5191381587333696286,1
2322,5199666313044493096,20
2323,5206308811707978799,99
2324,5211673327552264703,35
2325,5217724704513784613,37
2326,5227822864949117283,37
2327,5232169374213306041,1
2328,5233661737033380692,7
2329,5237574390644778994,22
2330,5238119115012015307,182
2331,5239464617027010625,19
2332,5250363310227021277,25
2333,5258604889412591249,40
2334,5263606973029607223,44
2335,5266164468981660031,13
2336,5269583152423890030,20
2337,5270696484536580646,77
2338,5271205718596251417,1
2339,5271898714958115766,17
2340,5274322067107287523,2
2341,5281570276277574938,15
2342,5293701842202310496,63
2343,5299613310913826266,8
2344,5302085907556673015,85
2345,5304344058087060692,18
2346,5308984234271987921,8
2347,5311977399951270341,10
2348,5312357518363318341,5
2349,5313335392004163852,56
2350,5314107418764884230,27
2351,5317978293082383492,19
2352,5322532051893153382,2
2353,5328558001212551235,32
2354,5333141914314968598,10
2355,5336562616168017846,36
2356,5338575284381070077,7
2357,5338677278233757627,108
2358,5350829677696205474,26
2359,5379671084978512851,5
2360,5380540855517464621,1
2361,5384282624557636856,18
2362,5395784585257808296,17
2363,5395868751435718725,13
2364,5398961846611539065,15
2365,5401376580769090495,25
2366,5410293063635507608,16
2367,5410603488837817052,10
2368,5424502143558028097,37
2369,5429045128339158843,44
2370,5429923407915345742,28
2371,5431399346444238856,15
2372,5439554346835640135,22
2373,5441077925667941052,21
2374,5441215535748592870,6
2375,5442191984600038712,8
2376,5445999759138709405,64
2377,5446022903655412342,7
2378,5447580952505296338,6
2379,5462702203586546682,6
2380,5468598741732935699,22
2381,5473340184873040894,1
2382,5474373819153295408,4
2383,5484061377044071389,63
2384,5508043659570633487,5
2385,5514214996211995551,11
2386,5518462222339671372,1
2387,5524888769622800245,21
2388,5530820581773167955,31
2389,5533752987392101383,64
2390,5545306236636747547,15
2391,5558603035498264655,10
2392,5568089143939945595,20
2393,5589105207760786822,4
2394,5619251370090681244,12
2395,5619269934194012474,13
2396,5640834597379907148,17
2397,5653476548835345267,5
2398,5658521282502533116,126
2399,5658615529969625284,2
2400,5659318589553771161,15
2401,5669290109546991426,13
2402,5672978373195158195,15
2403,5680566822246004912,6
2404,5681075485882787671,13
2405,5684817723169964056,22
2406,5688279681867464747,56
2407,5701873751630396950,14
2408,5714055337338770799,7
2409,5714314286511882372,18
2410,5714874452041944640,10
2411,5719793245136119929,31
2412,5726008417498979736,15
2413,5728858831120768412,9
2414,5745373608367143062,1
2415,5761988486867612282,7
2416,5772565485432112058,4
2417,5779887740609126631,1
2418,5787934590133549357,58
2419,5795281877636738272,58
2420,5806996498600223274,16
2421,5816734694927565572,51
2422,5817939718364925129,3
2423,5822211783543822544,20
2424,5827857898404399503,5
2425,5831479026588423198,16
2426,5831978693732969930,5
2427,5834671664627894569,2
2428,5842191581670322333,11
2429,5843350704442714396,6
2430,5843362068320522769,24
2431,5847042211895226591,67
2432,5847540986736720765,14
2433,5849490334294127641,38
2434,5854206600849997966,139
2435,5870088709232734362,8
2436,5875183869203898283,48
2437,5901067357946111913,29
2438,5906767912084571064,19
2439,5913609969272242724,4
2440,5928346445655989915,33
2441,5929055844564382383,3
2442,5930806521893160184,24
2443,5934557073194045393,26
2444,5937899505996968869,2
2445,5940374562401786524,40
2446,5947470908330062710,4
2447,5949788789046720741,22
2448,5962268176939710955,42
2449,5964888566269323942,58
2450,5965544132537436406,21
2451,5967886403500658324,6
2452,5979676385148714519,26
2453,5998661158461710046,7
2454,6001127456099879458,14
2455,6006800146436649545,6
2456,6009447229221815725,11
2457,6015995473246774717,33
2458,6016376495317032228,21
2459,6023609667389715259,5
2460,6031953227014493100,173
2461,6034099213718885791,5
2462,6040574489860277999,17
2463,6042459843569845586,3
2464,6044362651232258738,184
2465,6045455576279706291,7
2466,6049739262059615567,7
2467,6059546463839992340,4
2468,6062146090334604102,113
2469,6063029961433390149,4
2470,6070279813975953742,4
2471,6075137928366965854,2
2472,6090089162789916215,16
2473,6090517797383271316,7
2474,6094778865705471594,23
2475,6097677219931837830,10
2476,6099026883115865746,9
2477,6102826385978742696,3
2478,6104598399077154797,43
2479,6109135203991499571,19
2480,6152652267138213180,31
2481,6153710684104095269,15
2482,6157037646878010131,14
2483,6162786478796754684,22
2484,6165641386379495559,4
2485,6180979718957141670,3
2486,6186282670048283099,13
2487,6187300944962737279,1
2488,6195056361889291497,14
2489,6198232071580299480,21
2490,6200172800690402606,2
2491,6201946560186605500,34
2492,6206342468637502921,3
2493,6214107032842332406,2
2494,6215963711332976380,25
2495,6222001809679591440,17
2496,6227065897176996407,9
2497,6230272013326185698,7
2498,6234756865145917449,12
2499,6236312923258954569,10
2500,6237433897543964784,14
2501,6237714845306489877,3
2502,6240076106289531207,1
2503,6241723672990266258,21
2504,6244532954645766056,22
2505,6245165134513326654,22
2506,6247175512001835023,22
2507,6255978182562760059,12
2508,6260854150231142184,6
2509,6285786669275987455,17
2510,6304895356046683527,22
2511,6309804346176212907,4
2512,6317717254029043123,27
2513,6340108943344143104,31
2514,6341647533150019811,5
2515,6352416307575007029,7
2516,6369367631770966886,29
2517,6377566860234930618,5
2518,6384824828701919724,33
2519,6389624212149850449,12
2520,6407605752151817831,1
2521,6409304780354173378,3
2522,6412479507689487223,14
2523,6419848550542384295,10
2524,6424668376409530281,28
2525,6426224004219108539,68
2526,6428429126612898364,6
2527,6437568358552101410,83
2528,6463551093741815202,36
2529,6472331784294749716,9
2530,6484776051882277624,2
2531,6492104262016302259,18
2532,6504364365389213533,20
2533,6514150672874342131,3
2534,6519443272707698315,58
2535,6521856301289868251,48
2536,6524157088939139948,14
2537,6525794335263078309,7
2538,6527704900182256036,18
2539,6535950170823528902,38
2540,6540624159201421051,61
2541,6541551984368289722,3
2542,6565723369088595990,6
2543,6569463984699537820,73
2544,6569723785655740276,2
2545,6576356408780336784,5
2546,6576868026875674101,3
2547,6583734846225935852,69
2548,6587635730509289343,9
2549,6591221581057159843,17
2550,6591596441845797769,10
2551,6607431762270322325,1
2552,6614704926858202954,14
2553,6615662748793536194,45
2554,6620060201676471218,35
2555,6634206168889468590,1
2556,6638782839540370044,19
2557,6642437212220341339,33
2558,6643427232964983922,39
2559,6644171916702621557,54
2560,6650072898902843826,1
2561,6652210819857467321,11
2562,6658257247913756761,19
2563,6658481071718074876,6
2564,6664082205633624486,36
2565,6669026579073415958,11
2566,6678691743269420670,34
2567,6690761795935927461,11
2568,6716649347760033969,1
2569,6737022915341644067,27
2570,6743199836219189414,7
2571,6750029764020453263,61
2572,6754313450809254838,19
2573,6754417485681598974,12
2574,6757348772114374254,24
2575,6765368095966422513,6
2576,6766105865162331239,27
2577,6769852549722242790,28
2578,6778168087818060600,2
2579,6783622248311192269,113
2580,6793894801847439981,2
2581,6797033574746412211,10
2582,6797493571710971497,8
2583,6798386551136144335,3
2584,6800965548226529308,4
2585,6807042796917367736,33
2586,6817244649248188271,33
2587,6829640091575814990,61
2588,6831941111848480366,16
2589,6844164348224220577,2
2590,6847089514431675996,23
2591,6847460841437230342,22
2592,6850500272809381909,39
2593,6852597772196653540,39
2594,6858632230975272305,20
2595,6868454399455433725,2
2596,6870972580508513306,1
2597,6873454157736399518,5
2598,6876740810766966100,10
2599,6881796783400625893,34
2600,6892165923784661946,3
2601,6892866957050839435,13
2602,6908884359295619150,2
2603,6909761382991856804,28
2604,6910763794618680440,41
2605,6915731723505426291,8
2606,6917508501173008954,7
2607,6932547594283220441,13
2608,6940370558848102253,36
2609,6941466664989793964,34
2610,6943483335823457240,12
2611,6947862790919978120,34
2612,6953968734027801757,3
2613,6980529106338478812,22
2614,6984066580750577207,1
2615,6985167957194730651,8
2616,6987372590141903729,4
2617,6987435400166905688,20
2618,6989198691754522425,114
2619,6997620589258672675,161
2620,6999813113145211708,19
2621,7000840123067725009,10
2622,7004101889471761341,26
2623,7013665235990336340,32
2624,7021353262177009708,29
2625,7023677777837267720,26
2626,7024819429467163565,25
2627,7029834616968294970,1
2628,7036087807129071010,4
2629,7039033478836344543,8
2630,7059601745558171892,4
2631,7062745737910050042,20
2632,7065704533945771463,74
2633,7071371416976898441,7
2634,7077639154797499584,16
2635,7078276984547732873,13
2636,7083316110921342538,1
2637,7087600436874507849,60
2638,7088167897470452815,71
2639,7104734618727920421,5
2640,7105108082715965818,7
2641,7124632953201847659,26
2642,7127997889533450554,9
2643,7138108653908662095,11
2644,7140495736721533935,6
2645,7155061818771055780,30
2646,7168347449326627154,5
2647,7174452660053929140,6
2648,7181581805250416928,34
2649,7182931494487573654,16
2650,7187598944032799890,70
2651,7187974705675832644,17
2652,7191770005709670956,28
2653,7202701636941380671,38
2654,7203367456821804602,1
2655,7206850235815254159,12
2656,7207307032404768106,11
2657,7207514472495382992,8
2658,7216750853471801538,1
2659,7217636150008996485,4
2660,7226503561499839165,71
2661,7229629480273331039,59
2662,7238948407563080770,24
2663,7247406924790318523,2
2664,7251252752220327534,1
2665,7253370880729538418,28
2666,7255021292858609470,52
2667,7263689301643675785,14
2668,7270966256391553686,64
2669,7273139206342584600,16
2670,7276478113479207148,4
2671,7277161137091492767,45
2672,7286613907013366088,9
2673,7288937801410681383,2
2674,7303676031229268527,1
2675,7323176445666562417,7
2676,7334805502505837712,26
2677,7342707578347442862,21
2678,7345394467579731315,4
2679,7351002593233940239,4
2680,7358145651645216086,11
2681,7359386552064322134,16
2682,7359520440231676934,2
2683,7372398343609401828,8
2684,7375475877233036849,10
2685,7395435905985567130,40
2686,7400247075626691905,11
2687,7400903238402587728,81
2688,7401798504722165526,27
2689,7414483722019578252,94
2690,7414965642940222121,9
2691,7419040071212162906,9
2692,7420742904084384944,1
2693,7421641564256558176,3
2694,7424795099560672335,40
2695,7429409096643373334,56
2696,7434270606888620096,48
2697,7446166231252589534,28
2698,7446534728307622413,14
2699,7454130161726657097,6
2700,7458850059926549081,45
2701,7459643459148487877,53
2702,7459726589306441015,55
2703,7467940062038388159,26
2704,7469361608711738006,19
2705,7488370990373644128,5
2706,7494490104520466117,24
2707,7498047411414226273,22
2708,7506614456429888492,39
2709,7507067965574797372,233
2710,7508152369854945139,28
2711,7510090557616166004,14
2712,7511744555558105059,1
2713,7516228655554309785,35
2714,7520301770873472812,36
2715,7521700660190108859,48
2716,7526364197140419661,105
2717,7526977287801930517,1
2718,7528802258213768379,20
2719,7529823674661315431,30
2720,7532891417681708371,17
2721,7534917347133949300,117
2722,7540764978459875963,26
2723,7544768317373280661,49
2724,7555106864392724379,6
2725,7569814035922103969,1
2726,7572869304086387835,23
2727,7578709204835512162,4
2728,7581009799961380333,7
2729,7606744605433799135,30
2730,7609069906483592026,7
2731,7612428320594238723,50
2732,7616472242818646827,19
2733,7616911250531106641,14
2734,7620697593009487898,56
2735,7631327570702153011,12
2736,7645026617184703521,5
2737,7653591914898297019,21
2738,7655627888058923987,5
2739,7664140604181040222,34
2740,7681335193431615119,4
2741,7697593937932606048,1
2742,7707640607626518697,2
2743,7727369224210483739,5
2744,7734121175534200554,84
2745,7734143682021717145,4
2746,7748594134538052724,7
2747,7756118769128656312,18
2748,7763750328910542816,8
2749,7767869406844505704,17
2750,7775857588929395558,3
2751,7778744448313924630,1
2752,7790567704847993284,8
2753,7793363699831164066,4
2754,7804826445069770894,30
2755,7813943820850065086,11
2756,7814856426770804213,127
2757,7818691400791322406,55
2758,7823781477664935857,47
2759,7828019124127586556,1
2760,7835346487062622787,14
2761,7845570490247450966,13
2762,7850245260835292221,18
2763,7851022564818849560,79
2764,7877378240682678384,16
2765,7883212773611521498,13
2766,7905485530310717815,2
2767,7906867252266782644,13
2768,7915650190943924834,11
2769,7921510628110926276,2
2770,7926736692763443624,4
2771,7932334249452694632,9
2772,7933360486658437274,69
2773,7933362470375280252,1
2774,7934258011380835332,12
2775,7938100642081250873,18
2776,7943088471380012839,87
2777,7943906961970828120,29
2778,7944907848226041964,3
2779,7962608766252092705,3
2780,7963184191158282052,10
2781,7965539599896143226,4
2782,7973573994178035769,1
2783,7978090893338710234,6
2784,7985545205318799060,50
2785,7986490214699943896,5
2786,7993526700719577624,41
2787,8017849534314729144,14
2788,8020104407235635818,25
2789,8021508382912212558,24
2790,8028897172674067530,4
2791,8038154459609789205,7
2792,8042182000167325833,4
2793,8049518593334748695,9
2794,8049667463017473012,12
2795,8057379878708189245,3
2796,8065912276310959188,6
2797,8074780316213343498,22
2798,8076265166566225141,8
2799,8078873160882064481,4
2800,8080671570570146356,19
2801,8084284001249507595,9
2802,8089766674179723607,6
2803,8095004770374551394,19
2804,8115033558441775155,56
2805,8118799783881928573,34
2806,8119274153437896343,13
2807,8120046881003900118,3
2808,8129909026510620711,19
2809,8153556216916362816,15
2810,8160885002406274828,1
2811,8163984238975480171,17
2812,8169351562924200055,7
2813,8181531374206668183,1
2814,8185199775369928004,13
2815,8194079557551008273,13
2816,8195862936106508846,30
2817,8200662919796009914,2
2818,8210960017870928723,4
2819,8215778202715904841,46
2820,8219310215587599928,1
2821,8224860111193157980,236
2822,8233465999590288609,1
2823,8240934591713322028,1
2824,8243193415815549463,12
2825,8254285966695461849,15
2826,8259682769688682084,5
2827,8265190708606665292,20
2828,8267509427016592713,6
2829,8289311442635691404,44
2830,8289800212949675494,1
2831,8295457724580096419,5
2832,8297658253225035519,15
2833,8298709454703868984,3
2834,8300126456272756546,5
2835,8302949268716967655,53
2836,8310689940464940949,17
2837,8314492264050843009,4
2838,8316918063034631031,6
2839,8318042399332883628,13
2840,8326017498198914888,3
2841,8339561640071198727,12
2842,8340838192486391835,5
2843,8342423402350940832,34
2844,8353614127518545485,7
2845,8355302955998803709,6
2846,8378863480597222815,21
2847,8381798621267347902,1
2848,8384349834972693428,28
2849,8386493184609384928,54
2850,8396284143617057811,26
2851,8402348887626635381,40
2852,8413971365124666862,20
2853,8416004328454490172,12
2854,8424505741986577894,15
2855,8428597553954921991,81
2856,8433131156569129937,3
2857,8461204368464164538,20
2858,8461560915246826477,18
2859,8471417198703153120,6
2860,8473367604990946179,16
2861,8477804012624580461,45
2862,8482750322470893687,54
2863,8483892789913825147,50
2864,8494390949377713372,2
2865,8497861351486449784,2
2866,8522523292310933696,34
2867,8526042588044002101,35
2868,8527071648070448758,23
2869,8541347773340490171,25
2870,8545647269051113523,2
2871,8550670510357310628,25
2872,8559816910657872807,42
2873,8565115980515859979,5
2874,8582210754044680874,29
2875,8586403905004879205,96
2876,8587620342631480154,8
2877,8589361101754366293,48
2878,8596997246990922861,19
2879,8605423472891112686,10
2880,8611448623643424872,2
2881,8620166073102656574,44
2882,8622597251681699865,3
2883,8626761683919164251,47
2884,8628621643938810986,3
2885,8631616594020837056,16
2886,8637400873589298078,5
2887,8640945691036622521,3
2888,8650916538290053756,2
2889,8651615486877503655,58
2890,8654585772743935612,6
2891,8657408509986329668,294
2892,8659918766210334195,3
2893,8676570915361993722,19
2894,8685746777792503843,15
2895,8689098216946253326,27
2896,8690601908689146128,30
2897,8708452471825540133,3
2898,8710192305140953186,4
2899,8712996026808754180,38
2900,8729086959762650511,70
2901,8734156751308150579,30
2902,8736111317960965711,16
2903,8742078838645536785,21
2904,8743240285401859304,12
2905,8748370453256790422,2
2906,8749720044741011597,85
2907,8754824745136110042,7
2908,8768619263229062922,10
2909,8769121796537771237,80
2910,8770410950539401126,10
2911,8779890754987103603,68
2912,8786528563105605644,16
2913,8789407896263306493,9
2914,8801504303517439478,6
2915,8814787788150050622,7
2916,8828175072897143018,51
2917,8833747781388133494,3
2918,8835339470389644264,34
2919,8836508987743809103,4
2920,8844011188151156774,4
2921,8847604225354271039,56
2922,8856169137131817223,9
2923,8857442213860272383,8
2924,8863288680270590286,15
2925,8869347744613364434,77
2926,8869575677747285539,10
2927,8870251820986769829,1
2928,8871666435351703640,5
2929,8872925201254666834,2
2930,8878031598946138458,12
2931,8881733945001664941,12
2932,8886002764685330098,48
2933,8890720798209849691,150
2934,8898031730873390440,11
2935,8900292750226176660,7
2936,8901449108040307914,179
2937,8905656922810620012,14
2938,8912004903894879756,32
2939,8920226233198909725,19
2940,8926283897590637985,3
2941,8926889915100214784,27
2942,8931755432090459041,10
2943,8938071859536254465,44
2944,8946250624470221174,1
2945,8947914348334479785,19
2946,8962537427807366481,48
2947,8963770574956550187,26
2948,8963938873430212934,5
2949,8968837261991914049,5
2950,8969476626572775042,9
2951,8974280745225397183,45
2952,8982094176562780806,7
2953,8993230615635349817,6
2954,9004099881383415529,3
2955,9026402401132606773,30
2956,9028580484484026894,5
2957,9032993320407723266,9
2958,9033884391004475493,2
2959,9038543365726770177,22
2960,9042192299854648021,96
2961,9045808098977760576,10
2962,9054050762437897017,29
2963,9056727675613132316,14
2964,9060231864899459154,17
2965,9079880752026843473,34
2966,9091641298512813712,8
2967,9112765177685685246,10
2968,9121100366909552616,2
2969,9122627895188486603,18
2970,9124439338148818380,11
2971,9128267824356972069,2
2972,9136323715291453594,39
2973,9151634133568930081,13
2974,9158289456544908688,3
2975,9168028029170358424,3
2976,9175693555063886126,139
2977,9191014301634017491,13
2978,9207286802575546269,27
2979,9208127165664287660,12
2980,9209629151177723638,7
2981,9209886322932807692,19
2982,9213260650272029784,11
2983,9215261273565326920,30
2984,9217155070834564627,16
2985,9220445660318725468,52
2986,9222265156747237864,5
