consumer_id,total_interactions,unique_articles,unique_sessions
-1032019229384696495,1885,648,209
-1443636648652872475,1616,585,215
3609194402293569455,1435,961,232
-2626634673110551643,1084,669,104
-3596626804281480007,903,401,179
3302556033962996625,831,272,158
-709287718034731589,820,291,128
3636910968448833585,729,339,131
2416280733544962613,709,320,150
-2979881261169775358,679,437,179
-9016528795238256703,634,342,174
1895326251577378793,630,247,137
692689608292948411,539,346,137
-1578287561410088674,516,261,136
3829784524040647339,515,255,142
-108842214936804958,514,270,105
-1602833675167376798,501,206,87
1116121227607581999,493,366,135
-6944500707172804068,492,257,113
1623838599684589103,456,318,151
4313045637915476309,440,291,108
-3390049372067052505,439,212,82
-9009798162809551896,430,288,126
3891637997717104548,403,190,102
-5527145562136413747,389,140,105
6644119361202586331,376,185,91
-1479311724257856983,375,146,81
8698209668239173600,366,261,139
3938645257702379823,360,217,108
-8020832670974472349,355,208,115
-8550167523008133722,352,247,43
4209517478660372522,338,165,100
2901546026085255870,335,211,78
5127372011815639401,329,158,89
5660542693104786364,327,133,96
-1393866732742189886,326,159,90
801895594717772308,320,197,107
-2511855597392146401,311,209,95
7392990465409599343,298,184,97
7948079555216525045,297,186,108
-2901997243166418276,297,144,76
-4092545774372727680,295,124,97
-534549863526737439,281,160,82
-1616903969205976623,278,118,86
8676130229735483748,276,126,92
-8860671864164757449,275,166,92
8968131284214320024,261,109,71
7645894863578715801,257,86,58
-8845298781299428018,254,130,78
3375381077362025672,248,114,70
3217014177234377440,246,130,97
-2820994773540913369,245,111,75
4254153380739593270,241,180,95
-7267769888748948232,239,163,82
-5706287032724665714,239,177,98
-6067316262393890508,227,86,72
881856221521045800,225,101,77
2551221442168658664,224,135,83
-1387464358334758758,221,131,81
-3203894957285229214,218,118,87
-445337111692715325,217,168,93
-5230721907253934520,213,145,79
-1130272294246983140,213,112,74
-35428957105270993,212,88,75
1908339160857512799,210,103,79
5621833459783231486,208,152,95
7890134385692540512,207,94,64
6003902177042843076,205,103,58
4670267857749552625,202,73,57
-5868110530814399805,201,98,84
-2979537012405607453,199,104,70
4432373331608915019,197,81,38
1120069409160402054,195,121,66
-6786856227257648356,192,102,79
3094513233385472738,190,79,78
6464364285286199002,190,130,76
-1257176162426022931,185,84,48
-4028919343899978105,182,115,73
-4298177694576275482,181,91,56
1296936597887557880,178,143,72
2754566407772265068,178,90,83
-8399605302938582500,175,122,57
-8853658195208337106,174,114,76
3061273947166110301,174,76,65
6013226412048763966,170,26,43
9109075639526981934,169,73,70
22763587941636338,165,105,83
-3474152259371895547,165,111,53
-89388927330481219,164,117,61
3429602690322213789,162,79,51
-4585796377251906117,161,65,62
3106760029136205156,159,72,62
3743121668889758064,158,116,66
4227773676394505435,157,89,83
-1863544689523892600,157,87,72
3813842765808990208,155,64,46
-299809122140089170,154,94,74
8195788452563155020,154,71,44
-48161796606086482,153,65,46
-7540738139248278851,150,95,60
1493119272824026132,149,85,72
301435144665447655,149,92,69
5512723557838096173,149,101,58
670878778036881163,148,94,59
5030175185311671155,146,112,75
-3535274684588209118,145,63,58
-7990997793599977496,143,74,57
6756039155228175109,141,70,49
-331066625167168067,141,79,59
-1836083230511905974,141,82,56
-2623844842607044962,141,70,46
3915038251784681624,137,76,55
674947025087085832,137,73,44
6735372008307093370,137,51,53
7774613525190730745,136,63,42
-8781306637602263252,136,80,67
9210530975708218054,135,63,58
-4160173091318455989,134,90,54
1949009070102523745,133,112,64
2062670502532932588,132,76,45
-5380862725077089346,128,44,38
3576137684812235192,128,64,48
-7240735065448254654,128,57,50
-6627505417926774253,125,71,43
268671367195911338,124,30,45
-4125205337625989832,123,36,38
2279740393166882579,123,55,45
8766802480854827422,123,57,52
-4312494396888667550,122,93,65
7308881151087125462,121,74,58
2760160224512620259,121,95,62
9148269800512008413,120,51,35
-3500661007957156229,119,86,55
6971525809430309144,119,72,52
534764222466712491,118,26,32
-6316613156648676087,117,53,41
8239286975497580612,114,74,41
-6527231059484292598,113,79,57
-4465926797008424436,112,57,44
-7456488753754080246,112,72,45
2542290381109225938,112,45,41
4079953840379998293,110,51,23
-1684566741313744330,110,50,35
-1292787032977259947,109,64,46
-6946355789336786528,109,45,37
102305705598210278,109,39,38
-3954277405987282296,109,84,64
-8652741825481604192,108,32,56
-7136511247670430002,106,73,52
-3325685634318512394,106,65,45
2290322765105220968,104,69,44
1671960877913596679,104,32,35
3586672003786969120,104,62,47
-6153009241569363021,103,67,50
-7531858294361854119,103,39,25
6960073744377754728,101,48,39
-2726721797588771398,101,54,48
8164031568920151381,101,42,44
2062590537770243336,101,44,50
7696404421947461044,100,47,40
7781822014935525018,100,52,40
7527226129639571966,100,49,36
8237333675050684529,100,46,56
5598537709124463353,99,52,48
693665567872370395,98,63,39
-8606737560479590536,98,69,44
-1352064057049251194,98,83,56
2947963873628556360,97,39,51
-483468163475294331,97,58,47
7591088849912178995,97,53,48
7580644064067188685,97,45,29
-7496361692498935601,96,48,42
8420481937548705787,96,46,31
-1799631734242668035,95,38,44
-5867382161915898777,94,61,43
-5264754785175108362,94,54,42
8841741572929644986,93,47,48
-6878112296616605612,93,71,57
-3216836291203563246,92,70,58
-387586131996064525,91,45,43
3622641762376806537,91,38,39
6852303461450629547,91,25,54
-2525380383541287600,90,41,31
-8694104221113176052,90,34,31
1317292353478724560,90,43,32
8872819156169667456,90,49,40
-6532175987346600523,90,47,39
-6347007137547090068,89,63,33
-6730258785244938562,89,66,49
-1251984896177895077,88,47,40
-7487897518634781969,88,39,42
7293029244157928140,86,39,55
2966898457830124144,86,45,41
599868086167624974,86,67,41
3396828831632510915,84,40,36
-8674958742744576254,84,70,51
-588447608033313001,84,46,37
2002083152443772042,84,42,39
-6895155480127642372,83,49,42
8029287010580464803,83,42,40
1748162647671155552,83,50,35
983095443598229476,83,16,49
-9109785559521267180,83,43,38
8855523843512271162,82,53,36
-8243020848740766897,82,50,37
8414731042150985013,82,62,30
2833428826475063405,82,42,37
2217185536926141514,81,45,48
-9120685872592674274,81,24,20
6226325986476849014,81,61,42
4568163094592867577,81,49,42
-2050699458865052139,80,61,35
-4752363236131440693,80,37,32
7842090627885077038,79,42,34
-6030696784871381528,79,30,28
-6188912942004687815,78,60,39
5693632915986723060,77,21,52
-3458422503840091409,77,46,42
-3107690258526146180,76,33,34
2146546851324474301,76,32,32
1374824663945909617,76,28,30
6947583688031316012,76,57,44
-7041401352840181657,76,42,33
1766257854965201953,75,50,38
4417246933621591943,75,27,37
361614354650880527,73,34,33
-867171338823652769,73,45,41
1960539917229374622,73,46,29
627408625947732191,73,36,30
2944202749145946530,73,48,38
7022645187549453002,72,47,38
-5823562314929634489,72,34,27
-2785363955043455312,71,33,35
-4746388521877686441,70,31,30
3734911646343191965,70,36,36
-634318177541615985,70,45,44
434517017614495946,69,53,45
-8241940599580729220,69,39,37
-3374649409463162440,69,32,31
-6611967527589759673,69,34,29
-8036997159314605196,68,44,40
-3808141682397656195,68,17,41
-4627026983118548639,67,31,22
-5157376071499052964,67,36,15
-5708042355439521851,66,23,22
7131993520591621461,66,43,34
1202287501580555390,65,50,42
7845017617453570455,65,17,40
-4165818767652094649,65,27,19
-8830250090736356260,65,46,37
-3643155458357242906,64,28,32
-8763398617720485024,64,55,42
-8606085472606356565,64,27,29
4160581188559697212,64,50,38
-7606731662737258050,64,36,31
-8670749047273764903,64,32,32
8437083040455072898,63,14,24
-3196433790714486571,63,38,38
6018247344671480458,63,44,33
5497189205340943824,63,47,33
-292717837486008213,63,34,29
-9223121837663643404,63,43,41
-9001583565812478106,63,40,32
5327824330504712485,62,33,35
-5046509793031129706,62,40,34
-8132559109129514792,61,24,24
-5375964707198876331,61,36,36
-3230911339419872436,61,51,39
-492179582639058400,61,37,26
907221355688076938,61,27,23
-510621402112686165,61,45,32
-4384580909851654688,61,35,36
-2772844562500836582,61,38,28
-4246695160507476121,60,31,29
-2385757031765501802,60,25,30
7871236101796363710,60,31,27
908938729693125261,60,50,36
2682799999279860984,59,34,32
4531872167062142431,59,42,37
6525511498345160052,59,32,32
-6668715715951053690,59,26,34
-1380636509010496168,58,26,24
-4996398807012464468,58,28,9
8113324517692556322,58,38,23
5746645399823844475,57,24,25
-3359156065199608672,57,41,28
-5070718731712624222,57,48,40
816623031097334102,57,22,26
6571439471025671820,57,29,24
-2690891220216547125,56,40,29
-1367575386492755119,56,38,32
5683029675627635125,56,40,31
-7898880382889684604,56,20,38
-229539536136014922,56,31,24
2959376686327377624,55,32,23
-4069033192522234994,55,33,25
-6805567438224540711,54,44,26
-4309872815953358011,54,34,27
520352373907677790,54,40,33
2873028073541627603,54,38,24
-2184225127953983407,54,33,25
-5873562008332486480,54,36,29
-6933516293840979472,53,37,31
-4751604321660934118,53,27,24
7167124757087633794,53,34,32
-7103674836099895927,53,40,35
-5088875531913232577,53,15,30
3951178344539492760,52,38,24
-468976912875459588,52,30,26
5663484293775216130,52,41,33
5867547777922915203,51,21,24
1811781596621121379,51,41,34
6177317203370394776,51,33,28
3290087150125937633,51,34,24
4142810830429822977,51,28,24
3852137951376367218,51,16,20
2553895156129400476,51,39,36
-8205402408645015051,51,26,20
-7909814890969546668,51,24,24
3694088851120856010,50,35,27
5206835909720479405,50,22,27
1560134519462672730,50,28,22
5853826697811091550,50,41,28
6040926917589508037,50,32,23
5914788199018040446,49,39,32
4795304184119033503,49,30,22
7020155836312304353,49,45,19
5713241217519616260,49,43,28
-3362047598052899495,48,18,20
7703284633155187943,48,28,22
-1889513471801335580,48,28,31
4426818790545324760,48,33,34
-3595444231792050977,48,39,34
8663735706448940860,48,39,36
4340306774493623681,47,32,17
5705041016417759824,47,27,22
-2373656804845892625,47,30,17
-3508202263850468997,47,30,26
-4243635261966794110,47,34,20
8879844298911979276,47,39,36
2195040187466632600,47,5,11
-3696538850054062306,47,28,23
6120111409505648242,47,39,25
-8336698712796133957,47,19,21
-8384598282283588647,47,29,21
-5475982967047071860,46,21,20
-7329305023392956798,46,33,30
909651159261292691,46,27,23
2766187446275090740,46,36,30
2318971825420092215,46,23,21
8759620187357735368,46,24,19
363824806352919913,46,17,28
7302126548210559734,46,30,27
-1402490765047599382,46,30,28
6967147874415599925,46,31,25
8573995950821939440,45,26,26
-8446209748110806120,45,30,28
8874741321583329336,45,24,19
7585672106741478592,44,29,25
-3333861147700991931,44,26,35
3499125955852759846,44,44,23
-1372859690779491423,44,33,29
5200962297848391505,43,23,20
5127072228892237265,43,22,19
-1496589699638750920,43,30,30
-5636811822913690686,43,15,26
-6174073684310263806,43,22,20
-5292464982436362617,43,21,26
-7393811715153527033,42,28,27
-1848938642635494958,42,15,23
-5639303336519418445,42,36,26
-8420584158427265596,42,19,12
-8891033171626175843,42,19,19
-7118575739764684077,42,28,28
4537318193229625884,42,23,21
333499316725738941,42,29,24
-1352542225971050638,41,32,27
-8388706028506253757,41,20,15
548750006199694898,41,32,29
3681539658619684640,41,31,25
-8436122021634018264,41,19,18
4889177802413345393,41,23,25
-6196110550195246902,40,19,19
-8719462623048086192,40,29,23
8516310373487915663,40,23,24
264882333231965121,40,27,26
8920667914865172372,40,27,23
-7611460419696903236,40,29,26
813951249416003615,40,10,17
2530443148414180019,40,6,28
2878978621264298198,40,27,27
4778050608932092852,40,26,17
-7656701953949775820,40,38,22
-9047547311469006438,40,24,24
292607709308972335,40,21,19
8250502084456448386,40,24,20
-830175562779396891,40,24,27
-2399792467181202454,40,24,19
-8994220765455693336,39,27,25
-3992639648918314515,39,24,19
8341545449730058951,39,24,21
-2457136404620190048,39,25,22
-2337468721613240548,39,17,19
8913362709216003291,39,23,20
-3352759316178227738,38,17,20
7977599065228355745,38,21,19
8354413736311351349,38,18,14
-5187161118553677346,38,26,29
-7365517474830766511,38,34,28
-6105296070998675410,38,31,28
5220802546024427652,38,24,19
-6201845445987166377,38,21,11
2710839964657524617,38,28,26
2652684983165843086,38,28,27
-6939883833521991898,37,30,25
4918484843075254252,37,19,16
-4355190001103094206,37,28,25
-290301761563498796,37,20,18
-7410485589492665094,37,26,27
3649923015832992113,36,21,20
-4246040813531967142,36,33,19
-4293690759387208926,36,14,11
-8532959362941292070,36,14,20
-1994081661238157543,36,25,20
8189031666388954162,36,24,24
-6810967503878969134,36,27,21
5707382540067831352,36,23,17
-7711052404720939396,36,20,21
1097401149118884075,36,28,20
-8004014040019183404,35,28,25
7530102388348371118,35,23,21
6686431125336194142,35,31,12
-7566898119905906259,35,22,19
997469202936578234,35,17,20
4870191573331352123,35,18,17
3413008167249007087,35,18,19
3508383192344282071,35,24,20
-7421703586506797266,35,13,24
-5713424050095083786,35,21,21
-7269286898191176947,35,26,21
-7542032833609444223,34,20,13
7235668197683658513,34,19,17
7193191844620858589,34,20,20
-4447090897576014728,34,28,17
-5145337910218163424,34,19,17
1163668879480930452,34,26,20
7421498048184238966,34,15,17
8572969747961902966,34,13,15
3118792477913513242,34,16,21
3007736603136734729,34,14,14
6408246065272657336,33,19,16
-8051903121006324833,33,26,19
495422936350381071,33,27,23
-7381477755938439823,33,22,21
4946304010805340284,33,16,7
-3097435095152083451,33,27,14
1367440638985257517,33,19,17
-1410112619805614798,33,22,18
-444330148331768170,33,28,22
-4491909192209964776,33,24,22
-7574071014482881124,33,21,17
5328649570833345873,33,28,18
-9172914609055320039,33,24,23
7518465061839634935,33,17,15
6409254426985102122,32,14,18
4067645678703694326,32,20,19
-8607239111818252463,32,22,19
-3620817660824718175,32,25,22
8418615305660062636,32,22,24
-5052218473217969334,32,27,21
-4998109382710136565,32,25,14
6196511437047227700,32,18,19
7554279798570266254,32,18,20
-4951114616026800382,32,23,19
-4654217101618903973,32,23,17
-962915895568757637,32,20,18
7208764727755771951,31,15,9
-1547632488317277075,31,23,17
-3624328811734325188,31,28,21
-5969793184455185931,31,19,14
-4045556372014952225,31,22,15
-3452896239697713851,31,17,21
5263287149644492961,31,20,21
4297386640890689301,31,23,21
-4659085198634436081,31,22,17
6034233372333743148,31,14,14
2811220157680321451,31,20,19
-174458633445209100,30,18,21
6650574433856141080,30,15,15
5175412143320664868,30,21,21
-5281916878353077993,30,22,21
-663224541983667655,30,13,15
-7065799990117843402,30,22,20
4672375507299551161,30,15,19
8892482595912468268,30,16,18
2597011162480707820,29,16,19
-8424644554119645763,29,11,12
989049974880576288,29,19,15
5404470824348262768,29,15,17
-5918600103053825191,29,22,20
-453678802103139441,29,24,17
8144386916269720437,29,21,18
2653698047369148236,29,15,15
-3275942195366018617,29,19,17
4794949202379942794,29,24,19
-2936612463070256553,29,18,16
-3622247491936204151,28,4,17
9013651444868609421,28,19,15
4603346753290831004,28,17,15
3568240335801676264,28,19,17
953707509720613429,28,18,15
2405211284771043881,28,9,10
701021893037319987,28,20,18
-2376088187709738156,28,16,15
6465469928207780773,28,20,15
-6874532444478397764,28,24,12
-3466571388255450931,28,20,15
-2472976734554639184,28,12,9
-8784674845716296727,28,21,13
-5201927981686846343,27,11,14
7741213197781008422,27,14,17
267728530742702522,27,18,20
2891568537595470094,27,15,16
-9156344805277471150,27,14,12
-3295609019604191449,27,17,15
6773859371279096371,27,10,11
-4116514811367777845,27,24,10
1070632260016389736,27,24,20
-8417075466521236595,27,23,18
1598729374254679339,27,13,11
-4467650312287951120,26,11,13
1874422396201148365,26,15,16
9199170757466086545,26,14,15
-2615487427211911927,26,15,16
-5118506922564478779,26,13,10
-5676352709327073303,26,11,14
3743262342828860520,26,22,20
7606269372482386958,26,24,19
9187866633451383747,26,17,17
-737564610065686480,26,20,20
6315091808248158885,26,24,21
2349820930531316047,26,18,15
-6273276101162180437,26,20,17
1377941589660984019,26,19,14
8615245686887763683,25,17,15
436785895835580263,25,12,15
3763760030606782798,25,11,11
-960951213834982069,25,14,18
5226673542598775232,25,13,16
-6361883726252419530,25,21,7
6719657604701927366,25,20,14
4231150940887368692,25,16,17
1365060072341041043,25,15,12
344280948527967603,25,8,12
-5564980755503989625,25,18,21
-315113304665694510,25,16,15
3581462318368446161,25,9,16
2956253493737623301,24,16,12
8180111365399889286,24,20,19
-7377845572432324217,24,12,11
7004923583685899415,24,15,14
6546316929334980944,24,14,10
1234962692819082604,24,17,17
6634405260717362812,24,14,13
-8093344434152153830,24,19,16
9105269044962898535,24,17,19
-7963931769298005669,24,21,20
5331529367419076871,24,11,9
-4154712816784766009,24,16,16
490109768671667408,24,10,15
-8672331451814079632,24,10,9
5321535590192312132,24,17,16
-2233054196721773008,23,16,11
7712504245368411024,23,12,13
-8430239657678001264,23,17,16
-5087878572343192653,23,11,13
5285998971508885394,23,17,14
8862260182894039021,23,17,15
8801420707973230165,23,15,13
-2922237472410262877,23,14,9
-6411371239765052331,23,14,14
-2720944634081565632,23,15,15
4313424003136719348,23,16,13
374329072173397727,22,21,18
-6493929577026741456,22,7,8
1771843275312644574,22,13,15
147389924550257400,22,19,17
8368708280460693260,22,20,18
-4611709672528454566,22,15,15
-2644571257397324782,21,10,12
-2165869757092084791,21,14,10
3856314584219831841,21,15,14
2785512916786763092,21,17,16
4942487288765370891,21,14,14
-1915495401947962903,21,12,10
7984451585080990517,21,18,12
5357244621297233547,21,13,11
-5369165863004219744,21,13,10
-698695976631873505,21,17,16
-5131518539710081313,21,14,5
7857964154553078459,21,18,13
4991824953436022802,21,17,16
7438444945156715220,21,14,11
-6195985550971229641,21,16,15
-4618303625354887816,21,13,10
7047489233409645826,21,11,9
-41506117647079716,21,16,15
-4830018755429682246,21,13,13
2111379813881770134,21,11,11
7337097409801560661,21,17,11
1072886587484133150,21,16,15
-123314413156450014,21,13,11
-3999591444223936177,20,9,9
-4051949751637798126,20,16,10
-2455286848766388141,20,6,7
2805413569924963145,20,18,16
-4756235019094063793,20,13,11
7660434827542910956,20,12,14
-6734098108417569342,20,12,11
4947619689618669252,20,15,14
1962800348704770740,20,14,14
-1930650513477268660,20,17,14
7869282721414305216,20,17,14
-1678759546322702318,20,11,9
4700771033189012708,20,8,13
8940614478925413056,20,10,10
-5645906903825510952,20,10,8
1200132673411527362,20,14,12
8941502917401491878,20,18,13
4548917054177353037,20,9,9
1178253609400958886,20,9,8
-4448388750105189364,19,17,10
6860472782621321785,19,13,13
1899224753659027997,19,15,13
5000549443219971803,19,11,7
9191849144618614467,19,12,12
-7753289154322622303,19,10,11
5467013274030405401,19,14,14
-4755053149333666310,19,11,10
-1489196353998999052,19,11,10
3943833391732076335,19,16,8
1311167471776689091,19,11,11
7565903375902761063,19,11,11
7866703251910305848,19,17,11
6186967354004372292,19,10,9
-7658896905823060250,19,10,10
8847054836611412804,19,16,13
-3325508780389598615,19,16,14
3061140421699761127,19,12,5
5970634102483953353,19,8,5
6259736937759908767,19,11,10
-6067117771623247046,18,11,11
-5442497765070894440,18,11,7
7584856762328012632,18,8,8
-1694477146133918626,18,16,16
-7910759941896704223,18,14,9
3861743074882551715,18,6,8
5019290970146412524,18,10,8
6574579966911353978,18,7,7
3773993939681666059,18,12,12
-74507320040642686,18,14,13
8961723342122872302,18,13,16
7316935598591113280,18,13,13
-6850499260033618177,18,16,15
9090527742744334314,18,10,11
-6234126753805415756,18,11,12
4237436872789054577,18,11,15
5907617845968952831,18,12,12
-7520836932719953265,18,12,11
3592784031357342393,18,9,9
7001798922437039535,17,13,9
1314381940843524798,17,12,10
-3815514359891076081,17,12,12
-3806521031040937656,17,14,12
-5349775063975483956,17,12,12
3975064578509078598,17,15,11
-8411878656309735649,17,11,10
3877012245649171389,17,10,8
-2353507205274319323,17,9,9
-6834891987379050070,17,17,16
-2465847828331443343,17,6,6
27448098970818567,17,9,13
-5091443926295682841,17,5,14
-4529000568350205155,17,16,15
-7946448731524943718,17,12,12
-1951226479575477884,17,15,12
-8093201745874454494,17,12,8
8531798655176011897,17,11,10
-6037268165948401442,17,8,7
4519830131595431685,17,12,12
-8699750646678621887,17,15,14
-7957197279845818597,17,11,11
4538019749913665294,17,14,14
-4111723879505360159,17,15,14
7181121382861702936,16,10,9
4003231815629501248,16,15,10
8389544657102033065,16,7,5
9137372837662939523,16,13,11
-468849228680532284,16,8,6
-2368904890804470706,16,11,12
-243996608453935772,16,9,12
-300596929621183623,16,10,9
-5394062070584740055,16,14,14
-1454518985966405190,16,9,10
8992729171160464416,16,15,15
-6023498443312206944,16,13,12
5443789138803907929,16,12,10
3117868596680657524,16,14,14
-6947734781716817823,16,11,10
1722265956540512475,16,12,10
-4744441833918341987,16,8,3
8494103216511135887,16,10,7
6999578934585823267,16,11,10
8540709753752328723,16,10,9
5683958305498326032,16,9,8
-8620763856232712186,16,12,12
-4367677270653877094,16,12,12
7056830237116201003,16,10,8
-1561982036714087726,16,8,9
9135582630122950040,16,11,3
4965319960651517505,16,9,10
1842102772860934554,15,13,9
3262617661597841651,15,10,10
2828232395245246552,15,10,10
2446947580409722972,15,9,12
1929981821863611546,15,9,9
271781656508459677,15,10,9
-6533304626998890151,15,10,10
-8251340065348651782,15,13,13
2183860428276579583,15,9,9
-9199575329909162940,15,11,10
-5847938315205392554,15,9,8
1538315580625707373,15,8,7
-6502100706127527925,15,12,11
-1795678272668135222,15,7,8
8801970869404590779,15,11,10
3169151869928871334,15,7,7
1294815114730489475,15,9,9
6136591349108383474,15,9,10
4913740877702283721,15,10,10
-4097432147189001825,15,13,12
8243474948679935093,15,12,12
-5189509074197685318,15,13,11
-3416264867487266035,15,8,10
-7180761520671049625,15,12,9
5447073013858620840,15,12,12
5640522320021444231,15,10,9
-2484779020675533629,15,13,12
-5404285628365611524,15,15,14
6025457302462074178,15,14,10
-4095153241356673613,14,12,7
-7210005267264599337,14,9,10
4973223873869255414,14,10,10
6879394870211872116,14,6,6
-8686631410634491662,14,10,11
1720358903345561796,14,11,9
6935578859207277054,14,6,7
6767912612638555664,14,10,9
-8123627990288459252,14,4,11
1539552466471655556,14,13,12
200898048267462935,14,7,7
-3933783680725097100,14,12,11
3494915559963121377,14,7,6
-3896187702811204367,14,14,12
3469804916091663734,14,11,8
3468719753199592246,14,8,8
2320740534295635804,14,11,8
-6003416708481128042,14,11,8
-709489070586681689,14,14,11
-2406209330529428019,14,11,11
9091970136990402395,14,10,10
-446108537367277392,14,8,9
-9207251133131336884,14,7,6
4448931013501667169,14,12,11
-5150600065224095351,14,7,10
-4423008059717567142,14,8,9
8813266398846460512,14,8,9
8271619811366074205,14,9,10
-375620451534537810,14,8,8
4110069906204072059,14,12,8
-2124216952049350222,14,9,9
-6149164633108566454,14,11,9
-5548445604678482863,14,13,12
9038446466275805109,13,10,9
-8402550747787819270,13,12,9
7192340689726207788,13,13,9
-8306418824693202277,13,6,7
7293456872726425233,13,11,11
1037187242736800310,13,5,4
-8058416136173881530,13,12,11
-5795907895499274955,13,10,10
7410250256723888301,13,9,8
915429212131112741,13,8,7
-5927761996778212028,13,7,8
3014865794683484443,13,12,12
5316031233920901237,13,9,10
2207651454681143681,13,10,10
-7980653669913930599,13,7,5
1697979965458795260,13,8,8
-8909668725653743114,13,9,8
3005175913610348223,13,10,6
6970482293998499949,13,9,7
5489180667547554980,13,10,8
5469217996124449648,13,10,9
-3057753924708856977,13,9,9
-6276733705223916438,13,10,8
-4359668517495657229,13,6,11
998688566268269815,13,6,6
-57558373945119606,13,11,12
5598109800222509376,13,6,4
-5388083602161519863,13,7,8
-8560472911230584244,13,9,8
2736634093130347762,13,10,12
-2545236939408275407,13,9,7
-8738496712327699923,13,11,11
-7253045327330314894,13,11,8
2092066876657604795,13,12,11
-2987910693129502800,12,7,6
3035603429390266976,12,9,6
-3683161502313045202,12,10,9
-7482701687530266291,12,8,8
1059826223086140014,12,10,9
-8446652614764495168,12,12,8
3168119895433884486,12,7,7
8323853447348356571,12,9,10
-5444946123447491034,12,5,4
148641288870400064,12,7,6
4402305355102966434,12,11,10
-558674720007730591,12,10,9
-4810326597879746920,12,6,8
-9060214117327732109,12,8,8
-2350646782030041037,12,7,6
-4207306127013767407,12,8,8
-4167415844282118439,12,6,9
4055846614004717711,12,9,7
-5661737290289697460,12,6,8
-5374802517306837266,12,6,6
-7273988155925360003,12,8,9
-2341407360157577080,12,10,9
-5355462854406417157,12,9,9
4089451522605829298,12,11,9
155995321339849783,12,10,9
-2206389024273286643,12,8,7
8508358165038280975,12,8,7
-5812738875803363289,12,9,8
-5094446514734487376,12,9,6
8562738815734604501,12,10,10
7555752854236030786,12,7,8
2758633233367218711,12,9,9
-8854674432071487111,12,5,7
3028038382445447853,12,12,10
8556982196776583357,12,9,9
-3424085881110247816,11,7,7
-9188188261933657343,11,9,8
2742184667238777387,11,8,8
-376778416081419926,11,5,6
2612012348742830907,11,6,6
6842776165746724681,11,9,8
1104652557829563522,11,7,8
-4596110728469327807,11,6,6
865004478722151014,11,6,6
-4712939006281398894,11,11,9
852862045361757752,11,3,4
-6551899843081273989,11,5,4
712677817405323177,11,9,9
-4805195090397567709,11,9,9
-8823950498314351783,11,7,5
9102085903669288476,11,8,7
1763748489948355015,11,8,8
-6284920522659750073,11,6,2
1766127404965083143,11,4,5
327880779830247103,11,10,9
6686977580828209471,11,6,7
1915826476552544131,11,10,8
54023883492884059,11,9,10
-6606373800483513352,11,9,8
2366804926588454563,11,10,9
-7619256453002568786,11,10,10
2418539605878888070,11,3,3
6365858151678833812,11,3,3
5851603283697446214,11,9,9
-5611964175902830423,11,7,8
3599964226336487260,11,8,7
2903276950629630374,11,9,10
4112820676974012466,11,7,6
-3160777155871929764,11,5,4
-7457924553609117653,11,8,8
3843342266203043708,11,8,8
-2674237157038464789,11,10,8
3258998879061034753,11,6,5
-7371331529308244882,11,6,6
4235703649180530683,11,10,9
-1272364595235252747,11,8,8
4309036796659976637,11,7,6
-900146660487611772,10,6,6
3416948067212774732,10,9,9
-3922165526049430121,10,8,7
4063400901401648079,10,9,8
6557658036958641588,10,9,9
3472075810981614387,10,6,6
8652251853329201030,10,10,9
-8292030653061689145,10,5,5
-7920036110689552764,10,6,9
1417592850229997386,10,10,10
8676384235153995185,10,7,5
-9196668942822132778,10,7,9
4316004032341334816,10,9,10
1492042537097239970,10,6,8
1498116869772772394,10,8,8
-8625026691457884033,10,7,6
-3707046244070418512,10,10,8
3948719927571797789,10,8,8
-1641011110986019039,10,3,3
1693920335354805642,10,9,9
-5732707497022383920,10,8,7
1716230101302949859,10,5,2
4989759812391042852,10,10,10
8656322302973426874,10,3,4
7640646622715356888,10,7,7
-2763124458232441793,10,9,8
-8527027076020639137,10,4,3
6489937596283721990,10,9,9
-5267933492417667631,10,8,7
6247767575778104994,10,5,5
-3404190841749582304,10,5,5
-5590226906710148930,10,8,7
-887301601153643466,10,8,9
3109240325511826829,10,6,6
5565776571801586229,10,8,9
-4716637009380371036,10,5,4
-4653503070379628113,10,4,4
-8985529623369322698,10,4,4
7459660693589256038,10,8,8
4452189708713295810,10,3,6
7450357541426294610,10,10,5
6261180175389146557,10,5,5
-3637188778150475975,10,3,3
-6631461711538275356,10,8,8
899165159624701221,10,7,7
-6014236343041475884,10,5,5
-240056303677024244,10,7,6
-8099670049200803627,10,6,7
-604923632438177509,10,10,9
-5140211912313628591,10,5,4
-1949305601666774230,10,10,7
-3055952319719418325,10,9,8
-4952379459094765124,10,5,5
-5090528934888924741,10,7,7
-5629192146302945053,10,4,4
-8781635134606732409,9,8,8
7184257542854236266,9,8,8
-5299969637554720500,9,9,9
-4654550534260740358,9,9,5
1022806743657391407,9,6,5
-5282003003431699874,9,4,3
-6674945460600816442,9,7,8
-8483977803231124788,9,2,5
8261378399174507610,9,5,5
-1643309141343055997,9,6,6
3967557748970163452,9,4,3
4156846511612859158,9,8,6
-5409830449698398534,9,5,4
1473125618302310292,9,6,4
-4319627801793650960,9,9,8
-8802075878443651241,9,7,7
753510015812479546,9,8,8
753551422329466662,9,5,6
-4474315553653067079,9,6,5
4699206643216946639,9,6,6
781132119141619887,9,8,7
4624687138998541408,9,7,6
782843067739729113,9,4,5
5755601244020790176,9,6,6
6680762707204337829,9,3,3
3024551089288349719,9,5,6
-3946214281191348339,9,5,5
2382182321331880703,9,9,9
8907499588729810535,9,7,7
-9212075797126931087,9,5,4
115141794465366279,9,3,3
8051175896420731576,9,6,4
-8594002152006287708,9,5,5
6643737413460895729,9,6,7
8982783231149017560,9,5,3
6607840428081955009,9,7,5
-968371571321396196,9,5,4
6065857749689775301,9,6,5
-7651694769928092043,9,6,6
-3011221777935346594,9,5,4
-8295797114403986789,9,9,7
-8246472165248286476,9,7,7
-7472538368234044044,9,5,5
-3381527457560577265,9,5,6
-7981599955442508322,9,4,4
5885230890202679862,9,8,8
-3978390417378743562,9,8,8
3617923130431400422,9,8,7
5974049584912996673,9,4,9
3009557673221751067,9,7,5
-3243733722016468044,9,5,5
1899177452305284666,9,3,3
1774767834306888507,9,4,4
8006128198708352549,9,7,6
7733918951272853713,8,5,5
6013800624570706808,8,5,4
3168283140501778164,8,7,6
6354670420844196172,8,5,5
3276989273780561693,8,5,6
-8158702351275780234,8,4,4
7887000664348414989,8,2,4
7215563157885540458,8,7,6
2698350543662359063,8,5,6
4152854621536789039,8,4,5
7369311357280565934,8,4,5
9165571805999894845,8,5,4
5664882385083540533,8,7,7
4465865943032551583,8,3,3
7705707768530115638,8,7,6
9050204922960952289,8,8,8
1306495113310433590,8,6,7
-9063420486253202900,8,6,3
3648848852703752699,8,7,6
-8632760515877149847,8,4,5
1786687931570279432,8,4,4
3631158903888752348,8,5,5
3761892846624989548,8,7,5
9037410398700100618,8,8,5
6675870946781601732,8,8,8
1673026171377815127,8,7,6
6666652852815687733,8,6,6
6921649833761206472,8,6,6
6648370769037295216,8,5,7
4791643529800239468,8,7,7
6500990175526024713,8,5,7
6646901263143710184,8,8,7
8068551513309549144,8,5,6
5287342266016283959,8,6,5
4724363485672980355,8,5,6
2152278030365935011,8,6,6
1462681248589415568,8,8,8
4020353388159569223,8,6,5
3637012274012079940,8,7,6
8214844442027962164,8,4,4
-7919979140583047064,8,7,7
7125399408132157547,8,4,4
2217968793137479020,8,6,6
-6568916788996709634,8,3,4
-1690554517720703181,8,3,3
-6085280990332832124,8,7,6
-4207804517986673674,8,7,5
-4133735994159009937,8,4,4
-897315218084387621,8,7,7
-7675499124820917865,8,3,4
-3520426145036898999,8,7,3
-6120788038252469111,8,7,7
-4885223078646518099,8,5,7
-7044141443788188862,8,6,6
-7145180591711126041,8,4,4
-2041685972080499493,8,4,4
-1160159014793528221,8,6,6
-247684700657514424,8,7,8
-6226728612139235550,8,6,4
-6246099423021213661,8,5,4
-7478458454083355457,8,7,7
-1119397949556155765,8,6,5
-2012808108604118403,8,5,4
-1113322110177216831,8,4,4
468544970414285553,8,5,4
-1720728914094017041,8,4,6
-4082616567756603262,8,6,5
-4753128705824132934,8,4,6
782574897116966534,8,6,6
-712118237016184478,8,6,6
-7064549223277762524,8,5,5
-3972388990373881334,8,7,7
-3466039595643284366,8,8,7
-502319718136389439,8,6,5
-6998647087289883231,8,6,6
-2108111265827636778,8,7,7
-4101553783427619792,8,3,6
-7035562184657775493,8,8,7
-4767444107153363126,8,5,5
-5603024664917721129,8,2,2
-6650942110522720391,8,7,7
884543573245416380,8,3,3
8787162574252505320,7,4,4
381699973976932225,7,7,1
-2037394713802820966,7,2,2
5164414299609762297,7,6,6
-1007001694607905623,7,6,4
7072373334511597461,7,5,5
6012274951617779459,7,4,5
-2826197582088460753,7,7,7
-4831144415854234924,7,4,5
1754215888246437356,7,7,7
-3989802106718825881,7,5,5
-2046460149482961761,7,2,2
8236260669729422750,7,6,5
8674645243865302728,7,4,3
-8002698029075478835,7,6,6
-3138095816640178815,7,3,5
3937943558206985686,7,5,4
8048317748792196979,7,7,7
2257339578739986222,7,5,6
-714914145425798678,7,6,6
7048619884024295715,7,6,6
-7070657276224532716,7,7,7
-2186033964866370752,7,6,6
-6051200701553773830,7,1,3
-2902404120792546116,7,6,6
-6147128788680571885,7,2,4
6090234987314110812,7,7,7
4599302067448444444,7,2,5
2032181124951647555,7,7,7
-4733247784100640601,7,5,5
-6364723726238328437,7,5,3
-4459091019090447019,7,5,5
3727379947077780682,7,6,6
-4827592624810944078,7,5,5
-7087518691724367681,7,6,6
-2492577687586455431,7,4,4
9033898219489253274,7,5,6
-1496206710381205016,7,4,4
2783503166832565252,7,3,4
9008788011897883731,7,2,4
-5648501732106474447,7,5,4
1234688818012827660,7,3,3
-6395289021795478412,7,5,5
-2448844607876098932,7,6,6
2804812532901416058,7,1,2
-7843165118747205305,7,3,5
7032629593137936425,7,6,6
-6508069509459346924,7,4,4
5758100189335708355,7,6,6
8965285988346645117,7,5,4
582665477366900487,7,6,6
-8207027873334509187,7,6,6
6176664770623035795,7,6,5
-1157793243708252831,7,7,5
7977027884323942353,7,4,4
8548560600301988018,7,6,5
-6593243739839278571,7,6,3
-560055148675865863,7,5,5
-485491685721852725,7,6,5
-8223836278784533306,7,5,5
-8389868196569319547,7,4,5
-3598766333334489248,7,6,4
-2879716572190393391,7,4,4
-5761633761733198864,7,5,5
3176752144516721566,6,3,3
3985253218546481406,6,4,4
-5350075904398342955,6,6,6
2979037241414071705,6,5,5
7563882320191729616,6,5,4
-5833749125541124532,6,5,5
-2065443854703875357,6,6,6
-664586119638092697,6,4,4
8743523484464839146,6,6,5
-1724358244764242875,6,6,3
-259426774323606118,6,6,4
4335864930735272674,6,5,5
-4070244201184983176,6,6,5
8642864254981528773,6,6,6
7477658738278650537,6,6,6
-366633407730691449,6,3,5
4181242540645465576,6,3,3
-7599689935091013293,6,5,5
3138250281946918035,6,5,5
5694738036322440952,6,4,4
-5474198417649529244,6,6,6
6808447563258229576,6,6,4
-710135072571868067,6,5,5
-8704807962619440953,6,6,6
8745559424774781326,6,5,3
4658758950701852804,6,4,5
-3541787362373960040,6,4,4
3541301246254761495,6,3,3
-7755848049308089190,6,6,5
6590718530693270591,6,5,6
8754745127801506293,6,6,5
7157933165055102118,6,5,4
-6341085530415128100,6,4,4
-2762344524254945371,6,6,6
5374042110958693409,6,5,5
-4365814373122798921,6,4,4
7888432621799586316,6,5,4
784021501623342249,6,5,5
-3624328531509974041,6,4,4
-2411675934925653835,6,6,4
-3626028832820976226,6,6,4
1199529879715590322,6,5,5
-2470248588564221167,6,1,2
-6435598831950414723,6,4,4
-1367069781843778997,6,6,5
913833950286021192,6,4,4
-3671569832980816109,6,3,3
1056179711361543558,6,6,3
5323091092312849986,6,3,3
-2926609622227216860,6,4,5
6422310315629306805,6,4,3
-4392503848617046749,6,5,5
1455185896278818838,6,6,4
-4962618906503701424,6,4,4
1761626329244869141,6,5,4
550471860708726941,6,4,5
1955391843391686864,6,4,3
6080593856412409547,6,4,4
7704379999515121028,6,5,5
212272079522596410,6,4,4
1806521441217193155,6,4,5
6952115305755720966,6,6,6
8866874492838815383,6,3,3
8791271631167250981,6,5,4
202369545176637828,6,5,5
98958074799194811,6,4,4
-3089736231378741206,6,4,4
4609963702864659623,6,4,4
-5179891559567091709,6,5,5
-1110220372195277179,6,3,3
1664519865534446095,6,3,5
-4807214756718635462,5,5,5
8151880861754859656,5,3,3
-5093004687291831376,5,4,4
-4820143702236579967,5,5,4
-6921346769844646797,5,2,2
3803524018159743904,5,3,3
3325441127164563948,5,3,3
-8543191472586917959,5,3,2
-4799619569027538530,5,4,3
3499852103594805231,5,4,4
-8859417914913317336,5,4,4
-1339908024252273488,5,5,5
6869463136069837774,5,2,3
6874219153545533301,5,3,3
6919601181993706462,5,4,4
-926222002072636259,5,2,4
-4378027254566262232,5,5,5
7780048623954214635,5,5,5
5676219165447745192,5,4,5
-673531841386475474,5,3,3
-6820774667818944570,5,5,5
-6874849957985527250,5,5,5
-8243547748317128482,5,4,4
-3051750834440989473,5,1,1
3858979792050083573,5,4,4
2965795813240480461,5,5,4
-8984152171875293281,5,3,3
-522675969675206118,5,1,3
627050427714622722,5,5,5
587317153219513379,5,4,3
1573057318153030747,5,4,4
6104713116635733924,5,4,5
-2798582196833935066,5,4,4
-7710611945490357590,5,5,5
7410536834579425750,5,3,3
1757579228100504390,5,2,3
1842608769658022800,5,3,3
1877391915271243859,5,2,3
1878936421026687751,5,3,3
-1869419000593368978,5,3,3
-3939882303077150254,5,4,4
1904791658745350290,5,2,2
7421028931799469478,5,3,4
231949345024178942,5,4,4
-4641380479888865592,5,4,4
661836806751236173,5,2,2
-2116515004529086881,5,5,5
4688306535438027974,5,5,5
-2517489119487350618,5,5,5
-4560916320815213506,5,4,4
-6526535873517998244,5,3,3
4884175244956679973,5,3,3
-2594582613482026982,5,3,3
1179811069358633650,5,4,4
4761239164144421315,5,3,3
1280568515001234056,5,2,2
-6361192540861670465,5,3,3
760703210503201263,5,4,4
1328689979004101307,5,3,4
-3834559600071441352,5,5,3
1355612258071912541,5,3,3
4725902923381493476,5,4,4
692872584674355244,5,3,3
6034801943312383646,5,1,3
8819654997738428001,5,2,2
4507074084991519247,5,1,1
-178581347562798200,5,3,3
-4751483211611918217,5,3,5
-7847088265446527581,5,5,5
-7602361069047447138,5,3,3
8504762135979679185,5,4,5
7100169606506886592,5,2,2
8496119444480535595,5,4,3
-8432963309304640464,5,3,2
8479021342509401981,5,3,2
5749258710800262464,5,3,3
-352396174273361981,5,2,3
8433143903150367236,5,3,3
8433075601488072644,5,2,4
-371714709017462066,5,4,3
-1927087713907125965,5,2,2
-5579363687688515285,5,5,4
-2024836947804425229,5,4,4
-214548742136783496,5,4,2
-1418401413426656337,5,3,3
-4689663873479122679,5,4,4
-8459536159620126358,5,2,4
4410631448239520858,5,4,4
-9099478998637725255,5,2,2
2320931034665819997,5,5,5
-6652840075169150228,5,3,3
-2074199579534092070,4,3,3
3789334872668436357,4,4,4
4971787747747052991,4,3,3
-4730260618779969536,4,4,4
-8464996041856312914,4,2,3
5302455184783458750,4,3,3
4548488724210189431,4,2,2
4153772604750430093,4,2,1
7419185914573132331,4,4,3
4494974385324651912,4,3,3
-1792997688627776863,4,4,4
-7299489921519728176,4,3,3
7720698478711252076,4,2,2
-2034546290283596259,4,2,4
-2339455719722814827,4,4,4
7538338997444233985,4,4,4
7308050828570695169,4,3,3
4597648841216101175,4,4,4
-2314784854300761836,4,1,2
-8486803825457737124,4,4,4
-2139960351402630941,4,4,4
-2024285945568862273,4,3,3
7738156533824098084,4,3,3
-4643217303855133293,4,2,2
4272924174028141645,4,2,2
-1532427549655023552,4,2,4
-1582429643672455615,4,4,4
2976142380064454474,4,4,4
-8965390025652957482,4,4,3
311425034829720202,4,2,2
6041815097649587443,4,3,3
242134863500793418,4,3,3
1961095124655762515,4,4,3
1989391720504671111,4,3,3
203988498839984721,4,3,3
2128780309574257234,4,4,3
13723062087756322,4,2,2
-8078450058314350213,4,3,3
-19128711904675838,4,3,3
-9083704948999852989,4,3,3
-7644859828368354114,4,1,1
-4018803464081408829,4,2,2
-4035260395140860313,4,4,3
8625949836947856661,4,3,3
-7638765793642144378,4,2,3
8586641302323735033,4,4,4
-3339548862065982525,4,3,3
8564966018298805108,4,2,2
2504813350107957178,4,2,2
267292780203427074,4,2,2
-6188513246080579917,4,3,3
2568936369305837696,4,3,3
-6191712716519536331,4,4,4
6488977616201798805,4,3,3
1049745013582301267,4,3,3
1085441806335625070,4,3,3
6345153393696678763,4,4,4
-6446031436716049889,4,3,3
-6438002202203852863,4,3,3
-3792382538520905414,4,4,4
822144951619061489,4,4,4
-6382389075303370984,4,3,3
1236849919205595112,4,2,4
-7815718986451468962,4,2,3
6575902539322817525,4,2,2
6186215560165240407,4,2,2
1438835971184308490,4,3,3
653563125340201284,4,2,2
6154780244390457824,4,2,2
-3903708422224520066,4,3,3
558547722271625548,4,3,3
473198064665088205,4,1,4
-228253716855709880,4,3,3
-2526700492308347656,4,3,3
-840631936412652041,4,4,3
8309925290570993196,4,3,3
3165343501485572509,4,2,2
-5515355809840273933,4,2,2
-4139451785876182601,4,4,4
-8531270379574423340,4,2,2
-687504123637131206,4,3,2
-647801535221797956,4,2,2
-936933622636297420,4,2,3
8036120142967895790,4,3,2
3504731561932460708,4,3,4
-2987249689651576371,4,3,4
-5319065950897061991,4,4,4
3264751486968990182,4,1,1
3205114392436179540,4,3,3
-525884353997447559,4,3,3
-482673732359673995,4,3,3
-899408017713069700,4,3,3
-1278786815002349091,4,2,4
3656474357668705759,4,3,3
-6811544332174496130,4,3,3
-5643862669441284349,4,4,4
5742794170005951865,4,4,3
-365299596832281345,4,2,3
-8121520783058973108,4,4,4
-321944193333055829,4,2,2
2716205511902422174,4,2,2
5647081278813804891,4,2,2
5529670804473959645,3,3,3
7050294289650087293,3,3,3
-3862340787975219254,3,2,2
-7148295538010878187,3,1,2
-3066526293290943446,3,2,2
-3842000768177268018,3,2,2
5008320953682428325,3,3,2
-7201298482234794156,3,3,3
4978950651925207299,3,1,2
-2644515735969463168,3,2,2
5386184253470300437,3,1,2
-3659018663421577879,3,2,2
7026868317696281879,3,2,2
-2972186460377920790,3,3,3
6596465910631135896,3,2,2
6782783560247628103,3,2,2
-2857103494807137920,3,2,2
5694945747090752136,3,3,2
5846606220859915204,3,3,3
6756286186140329847,3,2,2
7025510797071058217,3,3,3
-4074190903915477991,3,2,2
6746673763749201716,3,3,3
-3312348638382721804,3,3,3
-2802782618104446020,3,3,3
-2569911338835117161,3,3,3
-3976829886646506384,3,2,2
5680079885186766579,3,2,2
-4279226710794155360,3,1,1
-8569200589303439259,3,3,2
-3952369149636090575,3,1,1
5153128146669091747,3,2,3
-8743976205985209861,3,2,2
5796758557398464934,3,3,1
-3918235718539456385,3,3,2
5179265272566144834,3,1,1
6619196047638753606,3,3,3
-4393985619024428888,3,2,2
-4420330605795848283,3,2,2
987030274299018507,3,3,3
-5564766963021310897,3,2,2
2988936926918977283,3,2,2
8655687555968131888,3,3,3
8641138310821193516,3,2,1
-5885124187219991847,3,3,2
-5873251123741236991,3,3,3
2528171022748821985,3,3,3
-275731764162391825,3,3,2
-5751474310428982362,3,2,2
8480117032796489161,3,3,3
2763854919017259307,3,3,3
8426006528231102424,3,3,3
-9048557723087354030,3,3,3
3007673865213720513,3,2,1
8049174971616430990,3,2,2
8261501809061664232,3,3,3
-589556961479434625,3,3,3
-5555543386326483262,3,3,3
-602652944709413420,3,2,2
3032312047244400222,3,2,2
3120894646139481140,3,2,2
-717438927863132130,3,2,2
-5444121833218924829,3,1,2
-7508498733655581893,3,2,2
-5254198861165604259,3,2,2
3330410404902809049,3,3,2
-5934412187320282485,3,2,2
2210973389578562049,3,3,3
-9503309754973814,3,2,2
62638191245089384,3,2,2
-6573653224877216942,3,2,2
965837901014229373,3,3,2
-6486181020435414752,3,2,2
922380381383493357,3,1,1
858237111264601967,3,3,3
828258475830882447,3,3,3
1350157763260786208,3,3,3
746283912829082877,3,3,3
1378281876431540451,3,1,2
-6336522524969113058,3,1,2
8968304737931264993,3,1,1
-7794435188288730149,3,2,2
-6301440277750448426,3,2,2
1583464092462665913,3,2,2
-7710821129340169657,3,3,2
444394900236423414,3,2,2
-6092930928762182421,3,2,2
292532361146333039,3,1,1
1859286169611301842,3,2,2
1900641639431585863,3,3,3
-8017805007838352081,3,3,3
2027621318564862772,3,3,2
2047954150900722645,3,2,2
3354817058723871028,3,2,2
-3723994188139150135,3,2,2
-8961797610770561652,3,2,2
-5079486872023453139,3,1,2
-1649184579023990909,3,2,2
-7416063324611531732,3,3,2
-4582116311327386707,3,2,2
4669648027055722877,3,2,3
3813840926929287109,3,2,2
-2130333312704068707,3,2,2
7436632006907922334,3,3,3
3834688003207041787,3,3,3
-4704816572261468538,3,2,3
-2042597956641525807,3,1,1
4210291066994276589,3,1,2
-1839633283550929346,3,2,2
3914241489134147685,3,2,2
-1600250516072500874,3,3,3
-4951299570479013427,3,3,3
-1601406818656498127,3,3,3
-1675520981561927902,3,3,2
-2375109818259049493,3,2,2
-1669398169117380092,3,3,3
-1240240181889306463,3,3,3
3369556380657647111,3,3,3
-909688769922425154,3,3,3
-1210556051231780191,3,3,3
-8965597312806628567,3,2,2
-8297991392336681667,3,2,2
4864595946068685903,3,2,2
-6823054392395586047,3,2,2
-1260665845176491808,3,2,2
-6380346921134804505,2,1,1
-6150302542037419158,2,2,2
-6824891492208524007,2,2,2
-4566409676058071368,2,1,1
9152852494775096912,2,2,2
-6504447686448599421,2,2,2
-6086253348642297377,2,1,1
-3765908696018622270,2,2,1
-6254342326107002908,2,2,2
7217813843212859192,2,1,1
-4432034906943587380,2,2,2
-6258071927387180198,2,2,2
-6263408883539936026,2,2,2
-4653185725743410637,2,1,2
7225913371090076296,2,2,2
-6874781826710727528,2,1,1
8995194509387682302,2,1,1
-7001639577646477211,2,2,1
-4573709982958788743,2,2,2
9001399366994458639,2,1,2
-8765011947844411605,2,2,2
-6904254367438519859,2,2,1
-5897227245778614914,2,2,2
7070113665567665306,2,1,1
7194703926313620020,2,1,2
-4387750328010332599,2,2,2
8424199401780532272,2,1,1
-4089681179734335594,2,1,1
-5598979686496942575,2,2,2
-6934405303392992200,2,2,2
7911347399014555575,2,2,2
6455155244621944245,2,2,2
8779722837503695165,2,1,1
7948330930322808597,2,2,2
-4306649787035054667,2,2,2
-5521098251528574606,2,1,1
-4156881138997502031,2,2,2
7992167105183320533,2,1,1
6950950583640154911,2,2,2
7865652808772308114,2,2,2
7786886764401143933,2,1,2
6770298619054131102,2,1,1
-5776136876679063651,2,2,2
6769746180475991310,2,1,1
8570738902325304330,2,1,1
-6657844983499130997,2,2,1
-5015635036263983705,2,1,1
-4983718076569357817,2,1,1
8625226870256745258,2,1,1
6733950143166750732,2,1,1
-4040668102765732838,2,2,2
-5889508433273998867,2,2,2
7772588855940376073,2,2,2
-5235597150466619554,2,1,1
-5898985842339810358,2,2,1
8723015811479284359,2,1,1
-4490476523398330782,2,2,2
5164848620836376409,2,1,1
3721715385171565416,2,1,1
-2708048174260028189,2,2,2
3915731617744867541,2,1,1
-1599909055058013899,2,2,2
-1520722959467302251,2,1,1
-8406450552010054661,2,2,2
-8403810558207260021,2,1,1
-1387205416699933583,2,1,1
6431028376756785747,2,1,1
3658079167518330556,2,2,2
-1303332777463080581,2,2,1
-7454032222980648989,2,1,1
-1093393486211919385,2,2,2
3473361105920727710,2,2,2
3421008263148207008,2,2,2
3411858238463877567,2,2,2
3314638233664462948,2,1,1
-8275914447540023677,2,2,1
-853245389484599144,2,2,2
-1714802647008415227,2,2,2
4055967006701596284,2,1,1
-1745775273879852894,2,2,2
-2184713157579455642,2,2,2
-2540706438239183757,2,2,2
-2506588480334766847,2,2,2
4857682569864081160,2,1,1
4828670979631202084,2,2,2
4666243309728748536,2,1,1
4614383530893553884,2,2,1
-2283336709672397413,2,1,1
4515144856688013871,2,1,1
-1819083151847984459,2,2,2
4432455822487909836,2,2,2
4425632151596546411,2,1,1
-2056820234974750170,2,2,2
-2009078851588572723,2,2,2
4177637448630955156,2,1,1
-1886069756344781471,2,1,1
-1866274569619638098,2,2,2
-852576272315727317,2,1,1
-815115778175704957,2,2,1
-776856765376510270,2,2,2
762293582798342316,2,1,2
249263379567853394,2,2,2
415390704277094054,2,2,2
1552716327012883348,2,2,2
1513200556927676772,2,2,2
-7809948905251597216,2,2,2
1402349278695678542,2,1,2
1375974404896880736,2,2,2
767930535033985534,2,1,1
2163532571118538108,2,2,2
-7831984182146287504,2,2,2
803704643760678589,2,2,2
1203596964328222768,2,2,2
1106030953585683677,2,2,2
1077899085259031463,2,2,2
927368592355275427,2,1,1
940915072677580415,2,2,1
237914382047088354,2,1,1
2242420380923780072,2,1,1
-745910898297651075,2,2,2
2719909589256730446,2,1,1
3160832832459432993,2,1,1
-440665250653720182,2,2,2
2859257312567870430,2,2,2
-8130584461861751846,2,2,2
2774182511600794371,2,2,2
-331069051675975961,2,1,1
-325701796242557223,2,2,2
2713917754652198595,2,1,1
-8092995968448142037,2,1,1
-316126625721320125,2,1,1
-241759414021954035,2,2,2
2462105871733913255,2,2,1
-181499526385989595,2,2,2
2440735228721719292,2,2,2
2356170304064762532,2,2,2
-52409484500833933,2,2,1
-2565917234522918465,2,2,2
116117092134318174,2,1,1
-3359754325623847734,2,2,2
-7168283978173643864,2,2,2
-3557021596086011525,2,1,1
6168090978182414127,2,2,2
-2857832190675984236,2,2,1
5234260375686192710,2,1,1
-7179350186629473243,2,2,2
5741457098792610504,2,2,2
-3259429699494042554,2,1,1
6097953621403745884,2,2,2
-8571236143575825977,2,2,1
-8567193579502361778,2,2,2
5800889957182045739,2,1,1
-3247191585239311338,2,2,2
-7154360153919620035,2,2,2
-3032653531967760133,2,2,2
-3209972853815463009,2,2,2
5682616718200776468,2,2,2
-8564151860284884458,2,2,2
-7068209768948841749,2,1,1
5623720506829906045,2,2,2
-3149181682396419557,2,2,2
5784739374876308856,2,1,1
5771407747274220992,2,1,1
5640507686615993032,2,1,1
5881575383448548259,2,2,2
-3376883282774348616,2,2,2
-3630934602147394347,2,1,1
-3380175130925274514,2,2,2
5809929974953883409,2,1,1
5959984095915311263,2,1,1
-3687079152644990551,2,2,2
6388696234128928801,2,1,1
-3615447949172121990,2,2,2
-3607418154433191576,2,1,1
-3344794336991778165,2,2,2
6205246482014899513,2,2,2
5171468887685579951,2,2,2
8667275116635296267,1,1,1
-69908298492740622,1,1,1
-3968392807491756801,1,1,1
-8093198092490224964,1,1,1
-3427616314367978347,1,1,1
2284848438607709479,1,1,1
2360366466703086037,1,1,1
8460278518504187833,1,1,1
2245571896327774249,1,1,1
-5680668197911418383,1,1,1
2771740294605751248,1,1,1
8721553601211488632,1,1,1
6664027487651050780,1,1,1
-270546895637819286,1,1,1
-79727973358912408,1,1,1
-318015038957279230,1,1,1
-3410401356987328689,1,1,1
-196685923741478181,1,1,1
-5843903748452152677,1,1,1
5981643811912670133,1,1,1
8516196196975927,1,1,1
5981663633600683389,1,1,1
-159362672148316536,1,1,1
8471654280763064040,1,1,1
2406021340969268119,1,1,1
-155245639726091910,1,1,1
2402294896098905529,1,1,1
2371321140062177199,1,1,1
-6668982552133935704,1,1,1
-7078810337557285027,1,1,1
-5749772120640063461,1,1,1
-7205955090980646456,1,1,1
2170267568856347247,1,1,1
1262852631026172055,1,1,1
-7050695426345850796,1,1,1
1495301668431157205,1,1,1
1425812563629692700,1,1,1
-6310269237680935639,1,1,1
1420795029195403133,1,1,1
1384537990076119578,1,1,1
6186399458088777787,1,1,1
712216333942199028,1,1,1
-6594283959918506908,1,1,1
9042983166068668843,1,1,1
-3815225870990439471,1,1,1
-3518675459495383252,1,1,1
1142268446511784734,1,1,1
-7902462005407456546,1,1,1
6321931602383418086,1,1,1
9128735267433534024,1,1,1
-6473952184608287014,1,1,1
935513113565522500,1,1,1
-3754740674364199788,1,1,1
1052826425441302346,1,1,1
948924246990023864,1,1,1
1017339174977034774,1,1,1
607460302441631358,1,1,1
6608021257413778960,1,1,1
1713887270044566468,1,1,1
-7966002439899518762,1,1,1
2153555832231871151,1,1,1
-8077293301545760758,1,1,1
-9150583489352258206,1,1,1
136132092222070703,1,1,1
2783631344380511767,1,1,1
2053848386729583433,1,1,1
2026153147373314589,1,1,1
2007115637217432151,1,1,1
-8050113247491924905,1,1,1
-3919588699192903305,1,1,1
8814360237760288963,1,1,1
6058025571581574050,1,1,1
250761037431884225,1,1,1
-7690117130547105283,1,1,1
8855265440919561223,1,1,1
321835166228655323,1,1,1
326191734832924282,1,1,1
351842974578121899,1,1,1
-7701472666189863533,1,1,1
363672870875729536,1,1,1
-6624483529135402208,1,1,1
8785971928543012853,1,1,1
-519417515410583677,1,1,1
-7575354990724402240,1,1,1
-3130517299527025526,1,1,1
5218658959522482077,1,1,1
-2073149571359041612,1,1,1
-2868535578416417741,1,1,1
7499921743426045629,1,1,1
4391185772225937239,1,1,1
7526378498958185062,1,1,1
-1950418071739514767,1,1,1
4223428278618203229,1,1,1
7029664293401391009,1,1,1
4169646857976675264,1,1,1
5308460045611400351,1,1,1
-2943723574695001529,1,1,1
-8821868115755885910,1,1,1
-7345259481503948621,1,1,1
-2963498984503943298,1,1,1
5334461102384594203,1,1,1
-4849725881573334985,1,1,1
-4871730724883279044,1,1,1
-1700667216862372833,1,1,1
-4931425677766995812,1,1,1
-1620609516898528700,1,1,1
-4672651098227394709,1,1,1
-2183451894422160038,1,1,1
5215438108989481599,1,1,1
4747927302016897914,1,1,1
-4543093052611851269,1,1,1
7158331780077378326,1,1,1
-8493970054335899532,1,1,1
5142672320208733528,1,1,1
7127895053297750118,1,1,1
4821458551551383582,1,1,1
7233074116256996619,1,1,1
-2471365789103166860,1,1,1
7253347881880417841,1,1,1
-2336732663181547398,1,1,1
-2839714998776867463,1,1,1
-4596035061781069791,1,1,1
7305733895346640928,1,1,1
4674800004298965524,1,1,1
-4611063622188844434,1,1,1
-4626095867768213597,1,1,1
5164416394753557974,1,1,1
7343585311477934211,1,1,1
-2293463312801134683,1,1,1
-4660766804997495035,1,1,1
-4954807600136304681,1,1,1
-7390556062557390103,1,1,1
6762444709306614335,1,1,1
-1569445293780941733,1,1,1
3331199530550243739,1,1,1
-3249945295915486865,1,1,1
-5262297603302637154,1,1,1
8113637998311268223,1,1,1
-3322908086840558280,1,1,1
-5419372988308173258,1,1,1
3172777932887155963,1,1,1
-5471407150604394704,1,1,1
-4088459209129433051,1,1,1
-9012030317377670760,1,1,1
3093942194563999589,1,1,1
3018070803857087638,1,1,1
-7566844461345455695,1,1,1
-573145652692796579,1,1,1
-2755326258208057499,1,1,1
-5573063483172708129,1,1,1
8327913688432885737,1,1,1
2928785809533816042,1,1,1
-7571302107141581195,1,1,1
-5638430380291209974,1,1,1
-437375666128963453,1,1,1
3357462296682851629,1,1,1
3367767507819728319,1,1,1
8014392542728644887,1,1,1
-7437846246871579209,1,1,1
-4973943928816784376,1,1,1
5569732571503995928,1,1,1
3830009043480796666,1,1,1
5573804063428996341,1,1,1
-3137752856866387729,1,1,1
-1424879049675055518,1,1,1
7801363117660380111,1,1,1
3724874610895730560,1,1,1
-5072443283995887811,1,1,1
-5100926371641297268,1,1,1
-5185927176743959823,1,1,1
-5152256545918702222,1,1,1
-1338563035023619077,1,1,1
-3160634209682347872,1,1,1
-1267244739128557821,1,1,1
3603734003549693385,1,1,1
7949112290920100677,1,1,1
-8309025352777181908,1,1,1
7983645651075949171,1,1,1
-956121253536943129,1,1,1
6458841459311911210,1,1,1
